Date,AAPL,ADBE,AMZN,FB,GOOG,ORCL
2018-01-02,43.065,177.7,1189.01,181.42,1065.0,46.63
2018-01-03,43.0575,181.04,1204.2,184.67,1082.48,47.71
2018-01-04,43.2575,183.22,1209.59,184.33,1086.4,48.18
2018-01-05,43.75,185.34,1229.14,186.85,1102.23,48.47
2018-01-06,43.6958,185.24,1235.05,187.3267,1103.8,48.64
2018-01-07,43.6417,185.14,1240.96,187.8033,1105.37,48.81
2018-01-08,43.5875,185.04,1246.87,188.28,1106.9399,48.98
2018-01-09,43.5825,186.7,1252.7,187.87,1106.26,49.06
2018-01-10,43.5725,187.11,1254.33,187.84,1102.61,48.8
2018-01-11,43.82,188.92,1276.6801,187.77,1105.52,48.95
2018-01-12,44.2725,195.05,1305.2,179.37,1122.26,49.51
2018-01-13,44.2162,194.4025,1305.115,179.125,1122.135,49.53
2018-01-14,44.16,193.755,1305.03,178.88,1122.01,49.55
2018-01-15,44.1038,193.1075,1304.945,178.635,1121.885,49.57
2018-01-16,44.0475,192.46,1304.86,178.39,1121.76,49.59
2018-01-17,44.775,196.49,1295.0,177.6,1131.98,50.27
2018-01-18,44.815,196.2,1293.3199,179.8,1129.79,50.23
2018-01-19,44.615,195.73,1294.58,181.29,1137.51,50.58
2018-01-20,44.4933,196.4333,1305.49,182.65,1143.61,50.6233
2018-01-21,44.3717,197.1367,1316.4,184.01,1149.71,50.6667
2018-01-22,44.25,197.84,1327.3101,185.37,1155.8101,50.71
2018-01-23,44.26,200.09,1362.54,189.35,1169.97,51.12
2018-01-24,43.555,197.78,1357.51,186.55,1164.24,51.45
2018-01-25,42.7775,197.51,1377.95,187.48,1170.37,51.6
2018-01-26,42.8775,201.3,1402.05,190.0,1175.84,52.75
2018-01-27,42.5817,200.2767,1407.2601,188.66,1175.7533,52.48
2018-01-28,42.2858,199.2533,1412.4701,187.32,1175.6666,52.21
2018-01-29,41.99,198.23,1417.6801,185.98,1175.58,51.94
2018-01-30,41.7425,196.9,1437.8199,187.12,1163.6899,50.96
2018-01-31,41.8575,199.76,1450.89,186.89,1169.9399,51.59
2018-02-01,41.945,199.38,1390.0,193.09,1167.7,51.63
2018-02-02,40.125,195.64,1429.95,190.28,1111.9,50.13
2018-02-03,39.7908,193.85,1416.6333,187.2733,1093.2,49.45
2018-02-04,39.4567,192.06,1403.3167,184.2667,1074.5,48.77
2018-02-05,39.1225,190.27,1390.0,181.26,1055.8,48.09
2018-02-06,40.7575,194.47,1442.84,185.31,1080.6,49.4
2018-02-07,39.885,192.34,1416.78,180.18,1048.58,48.87
2018-02-08,38.7875,185.16,1350.5,171.58,1001.52,46.84
2018-02-09,39.1025,187.99,1339.6,176.11,1037.78,47.73
2018-02-10,39.6275,189.3767,1355.1433,176.21,1042.5,47.87
2018-02-11,40.1525,190.7633,1370.6866,176.31,1047.22,48.01
2018-02-12,40.6775,192.15,1386.23,176.41,1051.9399,48.15
2018-02-13,41.085,193.48,1414.51,173.15,1052.1,48.49
2018-02-14,41.8425,197.13,1451.05,179.52,1069.7,49.45
2018-02-15,43.2475,202.97,1461.76,179.96,1089.52,50.64
2018-02-16,43.1075,201.56,1448.6899,177.36,1094.8,50.71
2018-02-17,43.0712,201.915,1453.6049,177.0225,1096.715,50.505
2018-02-18,43.035,202.27,1458.52,176.685,1098.63,50.3
2018-02-19,42.9988,202.625,1463.435,176.3475,1100.545,50.095
2018-02-20,42.9625,202.98,1468.35,176.01,1102.46,49.89
2018-02-21,42.7675,202.09,1482.92,177.91,1111.34,49.43
2018-02-22,43.125,202.61,1485.34,178.99,1106.63,49.59
2018-02-23,43.875,209.74,1500.0,183.29,1126.79,50.5
2018-02-24,44.1642,210.5433,1507.3167,183.8367,1132.4434,50.7233
2018-02-25,44.4533,211.3467,1514.6333,184.3833,1138.0967,50.9467
2018-02-26,44.7425,212.15,1521.95,184.93,1143.75,51.17
2018-02-27,44.5975,208.82,1511.98,181.46,1118.29,50.73
2018-02-28,44.53,209.13,1512.45,178.32,1104.73,50.67
2018-03-01,43.75,206.03,1493.45,175.94,1069.52,49.71
2018-03-02,44.0525,209.79,1500.25,176.62,1078.92,50.32
2018-03-03,44.1033,210.2467,1508.0367,177.88,1082.9234,50.6433
2018-03-04,44.1542,210.7033,1515.8233,179.14,1086.9267,50.9667
2018-03-05,44.205,211.16,1523.61,180.4,1090.9301,51.29
2018-03-06,44.1675,212.01,1537.64,179.78,1095.0601,51.5
2018-03-07,43.7575,216.86,1545.0,183.71,1109.64,51.72
2018-03-08,44.235,216.4,1551.86,182.34,1126.0,52.13
2018-03-09,44.995,221.11,1578.89,185.23,1160.04,52.97
2018-03-10,45.14,221.0533,1585.39,185.0733,1161.5267,52.9467
2018-03-11,45.285,220.9967,1591.89,184.9167,1163.0133,52.9233
2018-03-12,45.43,220.94,1598.39,184.76,1164.5,52.9
2018-03-13,44.9925,219.76,1588.1801,181.88,1138.17,52.58
2018-03-14,44.61,218.44,1591.0,184.19,1149.49,52.32
2018-03-15,44.6625,218.87,1582.3199,183.86,1149.58,52.37
2018-03-16,44.505,225.55,1571.6801,185.09,1135.73,52.27
2018-03-17,44.2783,224.4267,1562.7634,180.9133,1123.76,52.1633
2018-03-18,44.0517,223.3033,1553.8467,176.7367,1111.79,52.0567
2018-03-19,43.825,222.18,1544.9301,172.56,1099.8199,51.95
2018-03-20,43.81,229.75,1586.51,168.15,1097.71,47.05
2018-03-21,42.8175,226.85,1581.86,169.39,1090.88,47.02
2018-03-22,42.2125,220.52,1544.92,164.89,1049.08,45.89
2018-03-23,41.235,215.02,1495.5601,159.39,1021.57,44.79
2018-03-24,41.8875,219.65,1515.66,159.6133,1032.1167,45.3533
2018-03-25,42.54,224.28,1535.76,159.8367,1042.6633,45.9167
2018-03-26,43.1925,228.91,1555.86,160.06,1053.21,46.48
2018-03-27,42.085,213.8,1497.05,152.22,1005.1,45.38
2018-03-28,41.62,212.54,1431.42,153.03,1004.56,44.98
2018-03-29,41.945,216.08,1447.34,159.79,1031.79,45.75
2018-03-30,41.8762,215.13,1428.5025,158.69,1025.46,45.565
2018-03-31,41.8075,214.18,1409.665,157.59,1019.13,45.38
2018-04-01,41.7387,213.23,1390.8275,156.49,1012.8,45.195
2018-04-02,41.67,212.28,1371.99,155.39,1006.47,45.01
2018-04-03,42.0975,215.93,1392.05,156.11,1013.41,44.89
2018-04-04,42.9025,225.05,1410.5699,155.1,1025.14,45.51
2018-04-05,43.2,223.54,1451.75,159.34,1027.8101,45.96
2018-04-06,42.095,218.61,1405.23,157.2,1007.04,44.83
2018-04-07,42.2342,218.7967,1405.5133,157.4433,1009.8433,44.8533
2018-04-08,42.3733,218.9833,1405.7966,157.6867,1012.6467,44.8767
2018-04-09,42.5125,219.17,1406.08,157.93,1015.45,44.9
2018-04-10,43.3125,224.53,1436.22,165.04,1031.64,45.82
2018-04-11,43.11,223.63,1427.05,166.32,1019.97,45.61
2018-04-12,43.535,226.96,1448.5,163.87,1032.51,45.88
2018-04-13,43.6825,224.06,1430.79,164.52,1029.27,46.08
2018-04-14,43.7733,224.88,1434.36,164.6233,1032.1733,46.07
2018-04-15,43.8642,225.7,1437.93,164.7267,1035.0767,46.06
2018-04-16,43.955,226.52,1441.5,164.83,1037.98,46.05
2018-04-17,44.56,231.16,1503.83,168.66,1074.16,46.66
2018-04-18,44.46,231.1,1527.84,166.36,1072.08,47.08
2018-04-19,43.2,227.62,1556.91,168.1,1087.7,46.82
2018-04-20,41.43,225.24,1527.49,166.28,1072.96,46.23
2018-04-21,41.39,225.26,1524.28,166.1333,1071.1233,46.0867
2018-04-22,41.35,225.28,1521.07,165.9867,1069.2866,45.9433
2018-04-23,41.31,225.3,1517.86,165.84,1067.45,45.8
2018-04-24,40.735,217.89,1460.09,159.69,1019.98,45.53
2018-04-25,40.9125,217.32,1460.17,159.69,1021.18,45.75
2018-04-26,41.055,221.91,1517.96,174.16,1040.04,45.96
2018-04-27,40.58,221.9,1572.62,173.59,1030.05,45.53
2018-04-28,40.825,221.8,1570.4567,173.06,1025.81,45.5767
2018-04-29,41.07,221.7,1568.2933,172.53,1021.57,45.6233
2018-04-30,41.315,221.6,1566.13,172.0,1017.33,45.67
2018-05-01,42.275,224.08,1582.26,173.86,1037.3101,45.95
2018-05-02,44.1425,221.1,1569.6801,176.07,1024.38,45.51
2018-05-03,44.2225,226.05,1572.08,174.02,1023.72,45.06
2018-05-04,45.9575,228.51,1580.95,176.61,1048.21,45.71
2018-05-05,46.0683,229.3367,1587.3466,177.0633,1050.4033,45.83
2018-05-06,46.1792,230.1633,1593.7433,177.5167,1052.5967,45.95
2018-05-07,46.29,230.99,1600.14,177.97,1054.79,46.07
2018-05-08,46.5125,234.56,1592.39,178.92,1053.91,45.94
2018-05-09,46.84,239.74,1608.0,182.66,1082.76,46.58
2018-05-10,47.51,241.15,1609.08,185.53,1097.5699,46.93
2018-05-11,47.1475,241.88,1602.91,186.99,1098.26,46.82
2018-05-12,47.1108,240.71,1602.4534,186.8733,1098.9067,46.82
2018-05-13,47.0742,239.54,1601.9967,186.7567,1099.5533,46.82
2018-05-14,47.0375,238.37,1601.54,186.64,1100.2,46.82
2018-05-15,46.61,236.6,1576.12,184.32,1079.23,46.81
2018-05-16,47.045,237.39,1587.28,183.2,1081.77,46.73
2018-05-17,46.7475,236.85,1581.76,183.76,1078.59,46.54
2018-05-18,46.5775,238.09,1574.37,182.68,1066.36,46.32
2018-05-19,46.6875,238.0933,1578.0667,183.2833,1070.7666,46.6167
2018-05-20,46.7975,238.0967,1581.7633,183.8867,1075.1733,46.9133
2018-05-21,46.9075,238.1,1585.46,184.49,1079.58,47.21
2018-05-22,46.79,238.79,1581.4,183.8,1069.73,46.37
2018-05-23,47.09,243.91,1601.86,186.9,1079.6899,46.9
2018-05-24,47.0375,245.15,1603.0699,185.93,1079.24,46.46
2018-05-25,47.145,243.56,1610.15,184.92,1075.66,47.0
2018-05-26,47.1025,243.2175,1610.83,185.125,1071.825,46.815
2018-05-27,47.06,242.875,1611.51,185.33,1067.99,46.63
2018-05-28,47.0175,242.5325,1612.19,185.535,1064.155,46.445
2018-05-29,46.975,242.19,1612.87,185.74,1060.3199,46.26
2018-05-30,46.875,247.4,1624.89,187.67,1067.8,47.05
2018-05-31,46.7175,249.28,1629.62,191.78,1084.99,46.72
2018-06-01,47.56,251.31,1641.54,193.99,1119.5,47.35
2018-06-02,47.6925,251.9867,1649.45,193.7533,1126.0967,47.34
2018-06-03,47.825,252.6633,1657.36,193.5167,1132.6934,47.33
2018-06-04,47.9575,253.34,1665.27,193.28,1139.29,47.32
2018-06-05,48.3275,252.7,1696.35,192.94,1139.66,47.13
2018-06-06,48.495,253.95,1695.75,191.34,1136.88,47.75
2018-06-07,48.365,247.51,1689.3,188.18,1123.86,47.68
2018-06-08,47.925,251.21,1683.99,189.1,1120.87,48.18
2018-06-09,47.8858,251.14,1685.7,189.9133,1123.91,48.1833
2018-06-10,47.8467,251.07,1687.41,190.7267,1126.95,48.1867
2018-06-11,47.8075,251.0,1689.12,191.54,1129.99,48.19
2018-06-12,48.07,252.59,1698.75,192.4,1139.3199,48.45
2018-06-13,47.675,256.13,1704.86,192.41,1134.79,48.27
2018-06-14,47.7,258.1,1723.86,196.81,1152.12,45.9
2018-06-15,47.21,251.82,1715.97,195.85,1152.26,46.28
2018-06-16,47.2017,253.11,1718.5767,196.67,1159.3267,46.36
2018-06-17,47.1933,254.4,1721.1833,197.49,1166.3933,46.44
2018-06-18,47.185,255.69,1723.79,198.31,1173.46,46.52
2018-06-19,46.4225,251.74,1734.78,197.49,1168.0601,46.27
2018-06-20,46.625,251.24,1750.08,202.0,1169.84,42.82
2018-06-21,46.365,248.83,1730.22,201.5,1157.66,43.1
2018-06-22,46.23,243.63,1715.67,201.74,1155.48,44.1
2018-06-23,46.0008,242.3133,1698.1634,199.9433,1145.2567,44.16
2018-06-24,45.7717,240.9967,1680.6567,198.1467,1135.0334,44.22
2018-06-25,45.5425,239.68,1663.15,196.35,1124.8101,44.28
2018-06-26,46.1075,242.25,1691.09,199.0,1118.46,44.41
2018-06-27,46.04,237.68,1660.51,195.84,1103.98,43.45
2018-06-28,46.375,239.81,1701.45,196.23,1114.22,43.84
2018-06-29,46.2775,243.81,1699.8,194.32,1115.65,44.06
2018-06-30,46.45,243.6267,1704.46,195.3333,1119.5867,44.3567
2018-07-01,46.6225,243.4433,1709.12,196.3467,1123.5233,44.6533
2018-07-02,46.795,243.26,1713.78,197.36,1127.46,44.95
2018-07-03,45.98,242.01,1693.96,192.73,1102.89,44.72
2018-07-04,46.165,243.095,1696.845,195.59,1113.58,45.065
2018-07-05,46.35,244.18,1699.73,198.45,1124.27,45.41
2018-07-06,46.9925,248.19,1710.63,203.23,1140.17,46.0
2018-07-07,47.21,248.7167,1720.0933,203.7333,1144.7967,46.2433
2018-07-08,47.4275,249.2433,1729.5567,204.2367,1149.4234,46.4867
2018-07-09,47.645,249.77,1739.02,204.74,1154.05,46.73
2018-07-10,47.5875,248.63,1743.0699,203.54,1152.84,46.99
2018-07-11,46.97,248.12,1755.0,202.54,1153.9,47.64
2018-07-12,47.7575,254.87,1796.62,206.92,1183.48,48.15
2018-07-13,47.8325,258.59,1813.03,207.32,1188.8199,48.63
2018-07-14,47.7975,257.2867,1816.1833,207.29,1187.1666,48.5733
2018-07-15,47.7625,255.9833,1819.3367,207.26,1185.5133,48.5167
2018-07-16,47.7275,254.68,1822.49,207.23,1183.86,48.46
2018-07-17,47.8625,258.31,1843.9301,209.99,1198.8,48.9
2018-07-18,47.6,259.78,1842.92,209.36,1195.88,48.64
2018-07-19,47.97,257.68,1812.97,208.09,1186.96,48.44
2018-07-20,47.86,257.54,1813.7,209.94,1184.91,48.52
2018-07-21,47.8742,258.1833,1809.8,210.2633,1191.7734,48.57
2018-07-22,47.8883,258.8267,1805.9,210.5867,1198.6367,48.62
2018-07-23,47.9025,259.47,1802.0,210.91,1205.5,48.67
2018-07-24,48.25,257.49,1829.24,214.67,1248.08,48.67
2018-07-25,48.705,263.17,1863.61,217.5,1263.7,48.95
2018-07-26,48.5525,261.93,1808.0,176.26,1268.33,48.87
2018-07-27,47.745,254.81,1817.27,174.89,1238.5,48.63
2018-07-28,47.6558,250.6467,1804.5867,173.6133,1232.2467,48.33
2018-07-29,47.5667,246.4833,1791.9033,172.3367,1225.9933,48.03
2018-07-30,47.4775,242.32,1779.22,171.06,1219.74,47.73
2018-07-31,47.5725,244.68,1777.4399,172.58,1217.26,47.68
2018-08-01,50.375,248.01,1797.17,171.65,1220.01,47.35
2018-08-02,51.8475,252.22,1834.33,176.37,1226.15,47.9
2018-08-03,51.9975,253.28,1823.29,177.78,1223.71,48.47
2018-08-04,52.0875,253.5567,1831.4434,180.4167,1224.0633,48.5367
2018-08-05,52.1775,253.8333,1839.5967,183.0533,1224.4167,48.6033
2018-08-06,52.2675,254.11,1847.75,185.69,1224.77,48.67
2018-08-07,51.7775,253.39,1862.48,183.81,1242.22,48.48
2018-08-08,51.8125,253.83,1886.52,185.18,1245.61,48.39
2018-08-09,52.22,253.8,1898.52,183.09,1249.1,48.54
2018-08-10,51.8825,253.7,1886.3,180.26,1237.61,48.32
2018-08-11,51.9942,253.6467,1889.6,180.19,1236.7433,48.2167
2018-08-12,52.1058,253.5933,1892.9,180.12,1235.8767,48.1133
2018-08-13,52.2175,253.54,1896.2,180.05,1235.01,48.01
2018-08-14,52.4375,256.05,1919.65,181.11,1242.1,48.23
2018-08-15,52.56,250.52,1882.62,179.53,1214.38,47.84
2018-08-16,53.33,248.89,1886.52,174.7,1206.49,48.1
2018-08-17,54.395,245.7,1882.22,173.8,1200.96,48.36
2018-08-18,54.2183,247.0533,1880.3833,173.3667,1203.23,48.38
2018-08-19,54.0417,248.4067,1878.5466,172.9333,1205.5,48.4
2018-08-20,53.865,249.76,1876.71,172.5,1207.77,48.42
2018-08-21,53.76,251.5,1883.42,172.62,1201.62,48.41
2018-08-22,53.7625,255.54,1904.9,173.64,1207.33,48.8
2018-08-23,53.8725,257.0,1902.9,172.9,1205.38,48.96
2018-08-24,54.04,261.51,1905.39,174.65,1220.65,49.26
2018-08-25,54.1883,261.8067,1912.82,175.5867,1227.7067,49.2833
2018-08-26,54.3367,262.1033,1920.25,176.5233,1234.7633,49.3067
2018-08-27,54.485,262.4,1927.6801,177.46,1241.8199,49.33
2018-08-28,54.925,263.04,1932.8199,176.26,1231.15,48.64
2018-08-29,55.745,268.36,1998.1,175.9,1249.3,48.89
2018-08-30,56.2575,266.43,2002.38,177.64,1239.12,48.38
2018-08-31,56.9075,263.51,2012.71,175.73,1218.1899,48.58
2018-09-01,56.9531,264.3025,2019.41,174.5875,1212.8925,48.58
2018-09-02,56.9988,265.095,2026.11,173.445,1207.595,48.58
2018-09-03,57.0444,265.8875,2032.81,172.3025,1202.2975,48.58
2018-09-04,57.09,266.68,2039.51,171.16,1197.0,48.58
2018-09-05,56.7175,256.14,1994.8199,167.18,1186.48,48.04
2018-09-06,55.775,259.75,1958.3101,162.53,1171.4399,47.71
2018-09-07,55.325,260.87,1952.0699,163.04,1164.83,47.81
2018-09-08,55.0775,262.37,1947.7166,163.42,1164.7666,48.16
2018-09-09,54.83,263.87,1943.3633,163.8,1164.7033,48.51
2018-09-10,54.5825,265.37,1939.01,164.18,1164.64,48.86
2018-09-11,55.9625,267.0,1987.15,165.94,1177.36,48.92
2018-09-12,55.2675,267.79,1990.0,162.0,1162.8199,49.34
2018-09-13,56.6025,268.52,1989.87,161.36,1175.33,48.96
2018-09-14,55.96,274.69,1970.1899,162.32,1172.53,49.25
2018-09-15,55.4633,272.5433,1949.47,161.74,1167.0367,49.2267
2018-09-16,54.9667,270.3967,1928.75,161.16,1161.5434,49.2033
2018-09-17,54.47,268.25,1908.03,160.58,1156.05,49.18
2018-09-18,54.56,270.79,1941.05,160.3,1161.22,49.03
2018-09-19,54.5925,264.88,1926.42,163.06,1171.09,49.43
2018-09-20,55.0075,266.34,1944.3,166.02,1186.87,50.43
2018-09-21,54.415,260.88,1915.01,162.93,1166.09,51.1
2018-09-22,54.6758,261.95,1921.46,163.7567,1168.5166,51.1467
2018-09-23,54.9367,263.02,1927.91,164.5833,1170.9433,51.1933
2018-09-24,55.1975,264.09,1934.36,165.41,1173.37,51.24
2018-09-25,55.5475,267.84,1974.55,164.91,1184.65,51.72
2018-09-26,55.105,268.47,1974.85,166.95,1180.49,51.63
2018-09-27,56.2375,269.91,2012.98,168.84,1194.64,51.69
2018-09-28,56.435,269.95,2003.0,164.46,1193.47,51.56
2018-09-29,56.5617,271.7967,2003.4533,163.7867,1194.0833,51.64
2018-09-30,56.6883,273.6433,2003.9067,163.1133,1194.6967,51.72
2018-10-01,56.815,275.49,2004.36,162.44,1195.3101,51.8
2018-10-02,57.32,272.0,1971.3101,159.33,1200.11,50.23
2018-10-03,58.0175,270.51,1952.76,162.43,1202.95,49.75
2018-10-04,56.9975,263.71,1909.42,158.85,1168.1899,49.47
2018-10-05,56.0725,263.22,1889.65,157.33,1157.35,49.35
2018-10-06,56.0292,260.3767,1881.24,157.3033,1154.5566,49.3533
2018-10-07,55.9858,257.5333,1872.83,157.2767,1151.7633,49.3567
2018-10-08,55.9425,254.69,1864.42,157.25,1148.97,49.36
2018-10-09,56.7175,254.16,1870.3199,157.9,1138.8199,48.87
2018-10-10,54.09,237.91,1755.25,151.38,1081.22,47.4
2018-10-11,53.6125,238.59,1719.36,153.35,1079.3199,46.78
2018-10-12,55.5275,248.87,1788.61,153.74,1110.08,47.38
2018-10-13,55.1317,245.25,1779.39,153.6667,1104.1366,47.2933
2018-10-14,54.7358,241.63,1770.17,153.5933,1098.1933,47.2067
2018-10-15,54.34,238.01,1760.95,153.52,1092.25,47.12
2018-10-16,55.5375,260.67,1819.96,158.78,1121.28,48.23
2018-10-17,55.2975,258.91,1831.73,159.42,1115.6899,47.86
2018-10-18,54.005,250.35,1770.72,154.92,1087.97,47.38
2018-10-19,54.8275,245.03,1764.03,154.05,1096.46,47.59
2018-10-20,54.9392,247.04,1772.4534,154.2933,1098.0267,47.7067
2018-10-21,55.0508,249.05,1780.8767,154.5367,1099.5933,47.8233
2018-10-22,55.1625,251.06,1789.3,154.78,1101.16,47.94
2018-10-23,55.6825,251.76,1768.7,154.39,1103.6899,47.99
2018-10-24,53.7725,238.44,1664.2,146.04,1050.71,46.76
2018-10-25,54.95,252.92,1782.17,150.95,1095.5699,47.96
2018-10-26,54.075,245.8,1642.8101,145.37,1071.47,47.32
2018-10-27,53.7367,243.7833,1608.1667,144.2767,1054.34,47.22
2018-10-28,53.3983,241.7667,1573.5234,143.1833,1037.21,47.12
2018-10-29,53.06,239.75,1538.88,142.09,1020.08,47.02
2018-10-30,53.325,238.41,1530.42,146.22,1036.21,48.57
2018-10-31,54.715,245.76,1598.01,151.79,1076.77,48.84
2018-11-01,55.555,245.28,1665.53,151.75,1070.0,48.59
2018-11-02,51.87,239.64,1665.53,150.35,1057.79,48.83
2018-11-03,51.3792,239.7233,1652.9534,149.7933,1051.89,48.8933
2018-11-04,50.8883,239.8067,1640.3767,149.2367,1045.99,48.9567
2018-11-05,50.3975,239.89,1627.8,148.68,1040.09,49.02
2018-11-06,50.9425,240.56,1642.8101,149.94,1055.8101,49.25
2018-11-07,52.4875,253.43,1755.49,151.53,1093.39,50.26
2018-11-08,52.1225,249.96,1754.91,147.87,1082.4,50.43
2018-11-09,51.1175,244.84,1712.4301,144.96,1066.15,50.61
2018-11-10,50.2592,242.1167,1687.2367,143.8233,1056.9767,50.1467
2018-11-11,49.4008,239.3933,1662.0433,142.6867,1047.8033,49.6833
2018-11-12,48.5425,236.67,1636.85,141.55,1038.63,49.22
2018-11-13,48.0575,238.74,1631.17,142.16,1036.05,49.51
2018-11-14,46.7,235.22,1599.01,144.22,1043.66,48.84
2018-11-15,47.8525,239.95,1619.4399,143.85,1064.71,50.63
2018-11-16,48.3825,238.89,1593.41,139.53,1061.49,51.17
2018-11-17,47.7433,232.49,1566.37,136.87,1047.66,50.63
2018-11-18,47.1042,226.09,1539.33,134.21,1033.83,50.09
2018-11-19,46.465,219.69,1512.29,131.55,1020.0,49.55
2018-11-20,44.245,219.73,1495.46,132.43,1025.76,48.33
2018-11-21,44.195,225.98,1516.73,134.82,1037.61,48.62
2018-11-22,43.6337,225.77,1509.395,133.275,1030.745,48.66
2018-11-23,43.0725,225.56,1502.0601,131.73,1023.88,48.7
2018-11-24,43.2667,227.6933,1528.4834,133.28,1032.1267,48.5533
2018-11-25,43.4608,229.8267,1554.9067,134.83,1040.3733,48.4067
2018-11-26,43.655,231.96,1581.33,136.38,1048.62,48.26
2018-11-27,43.56,232.25,1581.42,135.0,1044.41,47.44
2018-11-28,45.235,249.21,1677.75,136.76,1086.23,48.19
2018-11-29,44.8875,249.09,1673.5699,138.68,1088.3,47.9
2018-11-30,44.645,250.89,1690.17,140.61,1094.4301,48.76
2018-12-01,45.165,252.3467,1717.5667,140.77,1098.4301,49.1167
2018-12-02,45.685,253.8033,1744.9633,140.93,1102.4301,49.4733
2018-12-03,46.205,255.26,1772.36,141.09,1106.4301,49.83
2018-12-04,44.1725,245.82,1668.4,137.93,1050.8199,48.75
2018-12-05,43.9263,248.225,1683.795,138.78,1059.775,47.715
2018-12-06,43.68,250.63,1699.1899,139.63,1068.73,46.68
2018-12-07,42.1225,238.0,1629.13,137.42,1036.58,46.0
2018-12-08,42.215,240.03,1633.0967,138.8967,1037.57,46.2233
2018-12-09,42.3075,242.06,1637.0634,140.3733,1038.56,46.4467
2018-12-10,42.4,244.09,1641.03,141.85,1039.55,46.67
2018-12-11,42.1575,245.34,1643.24,142.08,1051.75,46.46
2018-12-12,42.275,245.55,1663.54,144.5,1063.6801,47.32
2018-12-13,42.7375,248.08,1658.38,145.01,1061.9,47.23
2018-12-14,41.37,230.0,1591.91,144.06,1042.1,46.6
2018-12-15,41.2417,227.1267,1568.2434,142.77,1033.5767,46.31
2018-12-16,41.1133,224.2533,1544.5767,141.48,1025.0533,46.02
2018-12-17,40.985,221.38,1520.91,140.19,1016.53,45.73
2018-12-18,41.5175,226.18,1551.48,143.66,1028.71,45.85
2018-12-19,40.2225,224.65,1495.08,133.24,1023.01,46.45
2018-12-20,39.2075,218.65,1460.83,133.4,1009.41,46.24
2018-12-21,37.6825,208.8,1377.45,124.95,979.54,44.0
2018-12-22,37.3575,207.5867,1366.2866,124.6533,978.4333,43.5633
2018-12-23,37.0325,206.3733,1355.1233,124.3567,977.3266,43.1267
2018-12-24,36.7075,205.16,1343.96,124.06,976.22,42.69
2018-12-25,38.0,214.055,1407.43,129.12,1007.84,43.64
2018-12-26,39.2925,222.95,1470.9,134.18,1039.46,44.59
2018-12-27,39.0375,225.14,1461.64,134.52,1043.88,44.97
2018-12-28,39.0575,223.13,1478.02,133.2,1037.08,44.82
2018-12-29,39.1833,224.1667,1486.0033,132.4967,1036.59,44.93
2018-12-30,39.3092,225.2033,1493.9867,131.7933,1036.1,45.04
2018-12-31,39.435,226.24,1501.97,131.09,1035.61,45.15
2019-01-01,39.4575,225.405,1520.55,133.385,1040.73,45.185
2019-01-02,39.48,224.57,1539.13,135.68,1045.85,45.22
2019-01-03,35.5475,215.7,1500.28,131.74,1016.06,44.78
2019-01-04,37.065,226.19,1575.39,137.95,1070.71,46.71
2019-01-05,37.0375,227.2133,1593.43,137.9833,1069.9366,46.9567
2019-01-06,37.01,228.2367,1611.47,138.0167,1069.1633,47.2033
2019-01-07,36.9825,229.26,1629.51,138.05,1068.39,47.45
2019-01-08,37.6875,232.68,1656.58,142.53,1076.28,47.88
2019-01-09,38.3275,235.43,1659.42,144.23,1074.66,47.78
2019-01-10,38.45,237.77,1656.22,144.2,1070.33,47.82
2019-01-11,38.0725,237.55,1640.5601,143.8,1057.1899,48.29
2019-01-12,37.8817,236.5533,1632.7767,144.33,1053.0233,48.2533
2019-01-13,37.6908,235.5567,1624.9933,144.86,1048.8566,48.2167
2019-01-14,37.5,234.56,1617.21,145.39,1044.6899,48.18
2019-01-15,38.2675,242.36,1674.5601,148.95,1077.15,48.38
2019-01-16,38.735,241.95,1683.78,147.54,1080.97,48.06
2019-01-17,38.965,244.4,1693.22,148.3,1089.9,48.58
2019-01-18,39.205,247.51,1696.2,150.04,1098.26,49.27
2019-01-19,38.985,246.595,1680.1925,149.4225,1091.325,49.1875
2019-01-20,38.765,245.68,1664.185,148.805,1084.39,49.105
2019-01-21,38.545,244.765,1648.1775,148.1875,1077.455,49.0225
2019-01-22,38.325,243.85,1632.17,147.57,1070.52,48.94
2019-01-23,38.48,245.14,1640.02,144.3,1075.5699,49.24
2019-01-24,38.175,242.56,1654.9301,145.83,1073.9,49.2
2019-01-25,39.44,244.95,1670.5699,149.01,1090.99,49.8
2019-01-26,39.3183,243.9167,1659.6766,148.4967,1084.02,49.7067
2019-01-27,39.1967,242.8833,1648.7833,147.9833,1077.05,49.6133
2019-01-28,39.075,241.85,1637.89,147.47,1070.08,49.52
2019-01-29,38.67,238.27,1593.88,144.19,1060.62,49.61
2019-01-30,41.3125,242.67,1670.4301,150.42,1089.0601,50.36
2019-01-31,41.61,247.82,1718.73,166.69,1116.37,50.23
2019-02-01,41.63,247.38,1626.23,165.71,1110.75,50.81
2019-02-02,42.0242,249.8333,1628.59,166.89,1118.1,50.8833
2019-02-03,42.4183,252.2867,1630.95,168.07,1125.45,50.9567
2019-02-04,42.8125,254.74,1633.3101,169.25,1132.8,51.03
2019-02-05,43.545,254.82,1658.8101,171.16,1145.99,51.24
2019-02-06,43.56,254.35,1640.26,170.49,1115.23,51.26
2019-02-07,42.735,253.74,1614.37,166.38,1098.71,50.22
2019-02-08,42.6025,257.0,1588.22,167.33,1095.0601,51.03
2019-02-09,42.5208,257.4633,1589.1466,166.8167,1095.0434,51.0967
2019-02-10,42.4392,257.9267,1590.0733,166.3033,1095.0267,51.1633
2019-02-11,42.3575,258.39,1591.0,165.79,1095.01,51.23
2019-02-12,42.7225,261.37,1638.01,165.04,1121.37,51.22
2019-02-13,42.545,260.23,1640.0,164.07,1120.16,51.42
2019-02-14,42.7,260.14,1622.65,163.95,1121.67,51.48
2019-02-15,42.605,259.45,1607.95,162.5,1113.65,51.72
2019-02-16,42.6369,259.04,1612.8575,162.4475,1114.8775,51.795
2019-02-17,42.6687,258.63,1617.765,162.395,1116.105,51.87
2019-02-18,42.7006,258.22,1622.6725,162.3425,1117.3326,51.945
2019-02-19,42.7325,257.81,1627.58,162.29,1118.5601,52.02
2019-02-20,43.0075,258.1,1622.1,162.56,1113.8,51.77
2019-02-21,42.765,257.76,1619.4399,160.04,1096.97,52.11
2019-02-22,43.2425,258.9,1631.5601,161.89,1110.37,52.48
2019-02-23,43.3475,258.8067,1632.04,162.8,1110.0467,52.5067
2019-02-24,43.4525,258.7133,1632.52,163.71,1109.7233,52.5333
2019-02-25,43.5575,258.62,1633.0,164.62,1109.4,52.56
2019-02-26,43.5825,261.22,1636.4,164.13,1115.13,52.6
2019-02-27,43.7175,262.9,1641.09,162.81,1116.05,52.38
2019-02-28,43.2875,262.5,1639.83,161.45,1119.92,52.13
2019-03-01,43.7425,264.01,1671.73,162.28,1140.99,52.51
2019-03-02,43.8158,262.06,1679.8767,163.9767,1143.26,52.3533
2019-03-03,43.8892,260.11,1688.0234,165.6733,1145.53,52.1967
2019-03-04,43.9625,258.16,1696.17,167.37,1147.8,52.04
2019-03-05,43.8825,257.38,1692.4301,171.26,1162.03,52.36
2019-03-06,43.63,256.4,1668.95,172.51,1157.86,52.35
2019-03-07,43.125,255.46,1625.95,169.13,1143.3,52.58
2019-03-08,43.2275,254.74,1620.8,169.6,1142.3199,52.77
2019-03-09,43.7267,256.8133,1637.4067,170.4233,1153.4666,52.7333
2019-03-10,44.2258,258.8867,1654.0133,171.2467,1164.6133,52.6967
2019-03-11,44.725,260.96,1670.62,172.07,1175.76,52.66
2019-03-12,45.2275,263.51,1673.1,171.92,1193.2,52.8
2019-03-13,45.4275,264.38,1690.8101,173.37,1193.3199,53.06
2019-03-14,45.9325,267.69,1686.22,170.17,1185.55,53.05
2019-03-15,46.53,257.09,1712.36,165.98,1184.46,52.94
2019-03-16,46.6883,257.3133,1722.29,164.1433,1184.3933,53.1133
2019-03-17,46.8467,257.5367,1732.22,162.3067,1184.3267,53.2867
2019-03-18,47.005,257.76,1742.15,160.47,1184.26,53.46
2019-03-19,46.6325,260.42,1761.85,161.57,1198.85,54.04
2019-03-20,47.04,259.74,1797.27,165.44,1223.97,52.64
2019-03-21,48.7725,264.18,1819.26,166.08,1231.54,54.04
2019-03-22,47.7625,259.69,1764.77,164.34,1205.5,52.77
2019-03-23,47.57,260.55,1767.9333,164.99,1201.3333,52.76
2019-03-24,47.3775,261.41,1771.0967,165.64,1197.1667,52.75
2019-03-25,47.185,262.27,1774.26,166.29,1193.0,52.74
2019-03-26,46.6975,265.59,1783.76,167.68,1184.62,53.28
2019-03-27,47.1175,262.34,1765.7,165.87,1173.02,52.81
2019-03-28,47.18,263.53,1773.42,165.55,1168.49,53.19
2019-03-29,47.4875,266.49,1780.75,166.69,1173.3101,53.71
2019-03-30,47.595,268.3833,1791.8966,167.36,1180.3501,54.0
2019-03-31,47.7025,270.2767,1803.0433,168.03,1187.3901,54.29
2019-04-01,47.81,272.17,1814.1899,168.7,1194.4301,54.58
2019-04-02,48.505,271.35,1813.98,174.2,1200.49,54.15
2019-04-03,48.8375,271.5,1820.7,173.54,1205.92,54.06
2019-04-04,48.9225,267.89,1818.86,176.02,1215.0,53.82
2019-04-05,49.25,267.45,1837.28,175.72,1207.15,53.93
2019-04-06,49.5083,267.9033,1841.4733,175.4567,1206.0467,53.86
2019-04-07,49.7667,268.3567,1845.6667,175.1933,1204.9433,53.79
2019-04-08,50.025,268.81,1849.86,174.93,1203.84,53.72
2019-04-09,49.875,268.99,1835.84,177.58,1197.25,53.83
2019-04-10,50.155,271.58,1847.33,177.82,1202.16,53.97
2019-04-11,49.7375,271.9,1844.0699,177.51,1204.62,53.79
2019-04-12,49.7175,271.86,1843.0601,179.1,1217.87,54.5
2019-04-13,49.7475,271.98,1843.6634,179.2833,1218.9467,54.5433
2019-04-14,49.7775,272.1,1844.2667,179.4667,1220.0233,54.5867
2019-04-15,49.8075,272.22,1844.87,179.65,1221.1,54.63
2019-04-16,49.8125,271.43,1863.04,178.87,1227.13,54.59
2019-04-17,50.7825,269.45,1864.8199,178.78,1236.34,54.48
2019-04-18,50.965,270.57,1861.6899,178.28,1236.37,54.52
2019-04-19,51.0069,270.98,1868.095,179.07,1239.4875,54.545
2019-04-20,51.0487,271.39,1874.5,179.86,1242.605,54.57
2019-04-21,51.0906,271.8,1880.905,180.65,1245.7225,54.595
2019-04-22,51.1325,272.21,1887.3101,181.44,1248.84,54.62
2019-04-23,51.87,278.49,1923.77,183.78,1264.55,54.94
2019-04-24,51.79,275.45,1901.75,182.58,1256.0,55.18
2019-04-25,51.32,277.66,1902.25,193.26,1263.45,55.01
2019-04-26,51.075,281.96,1950.63,191.49,1272.1801,55.41
2019-04-27,51.1008,283.3533,1946.5634,192.5867,1277.3134,55.3
2019-04-28,51.1267,284.7467,1942.4967,193.6833,1282.4467,55.19
2019-04-29,51.1525,286.14,1938.4301,194.78,1287.58,55.08
2019-04-30,50.1675,289.25,1926.52,193.4,1188.48,55.33
2019-05-01,52.63,283.35,1911.52,193.03,1168.08,54.88
2019-05-02,52.2875,279.64,1900.8199,192.53,1162.61,54.6
2019-05-03,52.9375,285.58,1962.46,195.47,1185.4,54.79
2019-05-04,52.665,284.94,1958.49,194.94,1186.73,54.81
2019-05-05,52.3925,284.3,1954.52,194.41,1188.06,54.83
2019-05-06,52.12,283.66,1950.55,193.88,1189.39,54.85
2019-05-07,50.715,277.07,1921.0,189.77,1174.1,54.0
2019-05-08,50.725,276.77,1917.77,189.54,1166.27,53.99
2019-05-09,50.18,275.79,1899.87,188.65,1162.38,54.25
2019-05-10,49.295,278.48,1889.98,188.34,1164.27,54.65
2019-05-11,48.34,274.8867,1867.5467,186.0733,1153.5234,54.2433
2019-05-12,47.385,271.2933,1845.1134,183.8067,1142.7767,53.8367
2019-05-13,46.43,267.7,1822.6801,181.54,1132.03,53.43
2019-05-14,47.165,271.86,1840.12,180.73,1120.4399,54.13
2019-05-15,47.73,276.82,1871.15,186.27,1164.21,54.56
2019-05-16,47.52,283.55,1907.5699,186.99,1178.98,54.64
2019-05-17,47.25,279.85,1869.0,185.3,1162.3,54.5
2019-05-18,46.7575,278.3833,1865.6567,184.44,1154.4834,54.22
2019-05-19,46.265,276.9167,1862.3133,183.58,1146.6667,53.94
2019-05-20,45.7725,275.45,1858.97,182.72,1138.85,53.66
2019-05-21,46.65,278.07,1857.52,184.82,1149.63,54.17
2019-05-22,45.695,281.82,1859.6801,185.32,1151.42,54.2
2019-05-23,44.915,274.25,1815.48,180.87,1140.77,53.08
2019-05-24,44.7425,274.77,1823.28,181.06,1133.47,52.77
2019-05-25,44.6962,275.64,1826.5675,181.8725,1133.64,52.515
2019-05-26,44.65,276.51,1829.855,182.685,1133.81,52.26
2019-05-27,44.6037,277.38,1833.1425,183.4975,1133.98,52.005
2019-05-28,44.5575,278.25,1836.4301,184.31,1134.15,51.75
2019-05-29,44.345,273.38,1819.1899,182.19,1116.46,51.69
2019-05-30,44.575,274.51,1816.3199,183.01,1117.95,51.72
2019-05-31,43.7675,270.9,1775.0699,177.47,1103.63,50.6
2019-06-01,43.62,266.9433,1747.6099,173.03,1081.1633,50.48
2019-06-02,43.4725,262.9867,1720.1499,168.59,1058.6967,50.36
2019-06-03,43.325,259.03,1692.6899,164.15,1036.23,50.24
2019-06-04,44.91,268.71,1729.5601,167.5,1053.05,52.02
2019-06-05,45.635,272.86,1738.5,168.17,1042.22,52.1
2019-06-06,46.305,274.8,1754.36,168.33,1044.34,52.59
2019-06-07,47.5375,278.16,1804.03,173.35,1066.04,53.26
2019-06-08,47.74,278.8867,1822.8967,173.84,1070.82,53.51
2019-06-09,47.9425,279.6133,1841.7633,174.33,1075.6,53.76
2019-06-10,48.145,280.34,1860.63,174.82,1080.38,54.01
2019-06-11,48.7025,275.99,1863.7,178.1,1078.72,53.94
2019-06-12,48.5475,276.84,1855.3199,175.04,1077.03,53.62
2019-06-13,48.5375,276.3,1870.3,177.47,1088.77,53.84
2019-06-14,48.185,274.28,1869.67,181.33,1085.35,53.28
2019-06-15,48.2808,274.72,1875.1234,183.89,1087.7333,53.23
2019-06-16,48.3767,275.16,1880.5767,186.45,1090.1167,53.18
2019-06-17,48.4725,275.6,1886.03,189.01,1092.5,53.13
2019-06-18,49.6125,276.78,1901.37,188.47,1103.6,52.9
2019-06-19,49.4675,291.21,1908.79,187.48,1102.33,52.68
2019-06-20,49.865,302.11,1918.1899,189.53,1111.42,56.99
2019-06-21,49.695,299.33,1911.3,191.14,1121.88,56.12
2019-06-22,49.6783,299.51,1912.1667,191.6267,1119.76,56.3267
2019-06-23,49.6617,299.69,1913.0334,192.1133,1117.64,56.5333
2019-06-24,49.645,299.87,1913.9,192.6,1115.52,56.74
2019-06-25,48.8925,287.97,1878.27,188.84,1086.35,56.07
2019-06-26,49.95,288.72,1897.83,187.66,1079.8,56.66
2019-06-27,49.935,293.23,1904.28,189.5,1076.01,56.77
2019-06-28,49.48,294.65,1893.63,193.0,1080.91,56.97
2019-06-29,49.7825,296.7567,1903.15,193.0,1086.59,57.3167
2019-06-30,50.085,298.8633,1912.67,193.0,1092.27,57.6633
2019-07-01,50.3875,300.97,1922.1899,193.0,1097.95,58.01
2019-07-02,50.6825,301.39,1934.3101,195.0,1111.25,58.46
2019-07-03,51.1025,305.7,1939.0,197.2,1121.58,58.86
2019-07-04,51.08,304.84,1940.955,196.8,1126.585,59.07
2019-07-05,51.0575,303.98,1942.91,196.4,1131.59,59.28
2019-07-06,50.7067,303.6267,1946.0467,196.1867,1126.51,59.3633
2019-07-07,50.3558,303.2733,1949.1833,195.9733,1121.43,59.4467
2019-07-08,50.005,302.92,1952.3199,195.76,1116.35,59.53
2019-07-09,50.31,304.2,1988.3,199.21,1124.83,59.6
2019-07-10,50.8075,306.98,2017.41,202.73,1140.48,60.15
2019-07-11,50.4375,307.6,2001.0699,201.23,1144.21,59.99
2019-07-12,50.825,309.42,2011.0,204.87,1144.9,59.81
2019-07-13,50.9842,309.2,2014.33,204.55,1146.7133,59.7167
2019-07-14,51.1433,308.98,2017.66,204.23,1148.5267,59.6233
2019-07-15,51.3025,308.76,2020.99,203.91,1150.34,59.53
2019-07-16,51.125,305.7,2009.9,203.84,1153.58,58.61
2019-07-17,50.8375,309.39,1992.03,201.8,1146.35,57.99
2019-07-18,51.415,310.08,1977.9,200.78,1146.33,58.12
2019-07-19,50.6475,306.87,1964.52,198.36,1130.1,57.54
2019-07-20,51.0333,307.43,1971.5567,199.68,1132.7566,57.56
2019-07-21,51.4192,307.99,1978.5933,201.0,1135.4133,57.58
2019-07-22,51.805,308.55,1985.63,202.32,1138.0699,57.6
2019-07-23,52.21,307.88,1994.49,202.36,1146.21,57.45
2019-07-24,52.1675,310.27,2000.8101,204.66,1137.8101,58.11
2019-07-25,51.755,308.73,1973.8199,200.71,1132.12,58.29
2019-07-26,51.935,311.27,1943.05,199.75,1250.41,58.5
2019-07-27,52.0967,309.92,1932.85,198.48,1246.7434,58.3533
2019-07-28,52.2583,308.57,1922.65,197.21,1243.0767,58.2067
2019-07-29,52.42,307.22,1912.45,195.94,1239.41,58.06
2019-07-30,52.195,303.64,1898.53,197.04,1225.14,57.49
2019-07-31,53.26,298.86,1866.78,194.23,1216.6801,56.3
2019-08-01,52.1075,298.44,1855.3199,192.73,1209.01,55.88
2019-08-02,51.005,293.71,1823.24,189.02,1193.99,55.84
2019-08-03,50.115,289.26,1803.87,186.59,1180.1,55.1467
2019-08-04,49.225,284.81,1784.5,184.16,1166.21,54.4533
2019-08-05,48.335,280.36,1765.13,181.73,1152.3199,53.76
2019-08-06,49.25,286.21,1787.83,184.51,1169.95,53.96
2019-08-07,49.76,289.02,1793.4,185.15,1173.99,53.34
2019-08-08,50.8575,297.78,1832.89,190.16,1204.8,54.65
2019-08-09,50.2475,294.83,1807.58,187.85,1188.01,53.9
2019-08-10,50.205,292.77,1800.0267,187.0233,1183.5767,53.6833
2019-08-11,50.1625,290.71,1792.4733,186.1967,1179.1433,53.4667
2019-08-12,50.12,288.65,1784.92,185.37,1174.71,53.25
2019-08-13,52.2425,293.17,1824.34,188.45,1197.27,53.97
2019-08-14,50.6875,283.66,1762.96,179.71,1164.29,52.32
2019-08-15,50.435,282.71,1776.12,182.59,1167.26,52.59
2019-08-16,51.625,287.45,1792.5699,183.7,1177.6,53.59
2019-08-17,51.9458,287.6233,1800.42,184.5233,1184.55,53.6833
2019-08-18,52.2667,287.7967,1808.27,185.3467,1191.5,53.7767
2019-08-19,52.5875,287.97,1816.12,186.17,1198.45,53.87
2019-08-20,52.59,285.71,1801.38,183.81,1182.6899,52.98
2019-08-21,53.16,291.53,1823.54,183.55,1191.25,53.24
2019-08-22,53.115,287.69,1804.66,182.04,1189.53,53.19
2019-08-23,50.66,282.44,1749.62,177.75,1151.29,51.58
2019-08-24,50.9808,284.54,1756.0367,178.62,1157.1567,51.7633
2019-08-25,51.3017,286.64,1762.4533,179.49,1163.0234,51.9467
2019-08-26,51.6225,288.74,1768.87,180.36,1168.89,52.13
2019-08-27,51.04,289.45,1761.83,181.3,1167.84,52.39
2019-08-28,51.3825,282.13,1764.25,181.76,1171.02,51.95
2019-08-29,52.2525,286.63,1786.4,185.57,1192.85,52.16
2019-08-30,52.185,284.51,1776.29,185.67,1188.1,52.06
2019-08-31,51.995,283.995,1779.6775,184.85,1183.1725,52.0175
2019-09-01,51.805,283.48,1783.065,184.03,1178.245,51.975
2019-09-02,51.615,282.965,1786.4525,183.21,1173.3175,51.9325
2019-09-03,51.425,282.45,1789.84,182.39,1168.39,51.89
2019-09-04,52.2975,284.6,1800.62,187.14,1181.41,52.97
2019-09-05,53.32,287.75,1840.72,190.9,1211.38,53.84
2019-09-06,53.315,284.94,1833.51,187.49,1204.9301,53.16
2019-09-07,53.3908,283.06,1832.79,187.9133,1204.7567,53.62
2019-09-08,53.4667,281.18,1832.07,188.3367,1204.5834,54.08
2019-09-09,53.5425,279.3,1831.35,188.76,1204.41,54.54
2019-09-10,54.175,276.14,1820.55,186.17,1206.0,55.47
2019-09-11,55.8975,277.78,1822.99,188.49,1220.17,56.29
2019-09-12,55.7725,278.02,1843.55,187.47,1234.25,53.89
2019-09-13,54.6875,278.35,1839.34,187.19,1239.5601,53.75
2019-09-14,54.7833,279.8767,1828.84,186.8667,1236.8067,53.5467
2019-09-15,54.8792,281.4033,1818.34,186.5433,1234.0534,53.3433
2019-09-16,54.975,282.93,1807.84,186.22,1231.3,53.14
2019-09-17,55.175,284.69,1822.55,188.08,1229.15,52.87
2019-09-18,55.6925,279.72,1817.46,188.14,1232.41,52.56
2019-09-19,55.24,281.26,1821.5,190.14,1238.71,53.37
2019-09-20,54.4325,277.91,1794.16,189.93,1229.9301,53.47
2019-09-21,54.515,277.7533,1791.2067,188.8933,1231.2967,53.6533
2019-09-22,54.5975,277.5967,1788.2534,187.8567,1232.6634,53.8367
2019-09-23,54.68,277.44,1785.3,186.82,1234.03,54.02
2019-09-24,54.42,272.47,1741.61,181.28,1218.76,53.35
2019-09-25,55.2575,277.43,1768.33,182.8,1246.52,53.84
2019-09-26,54.9725,283.81,1739.84,180.11,1241.39,53.96
2019-09-27,54.705,277.54,1725.45,177.1,1225.09,54.09
2019-09-28,55.1342,277.11,1728.9366,177.4267,1223.06,54.4033
2019-09-29,55.5633,276.68,1732.4233,177.7533,1221.03,54.7167
2019-09-30,55.9925,276.25,1735.91,178.08,1219.0,55.03
2019-10-01,56.1475,272.71,1735.65,175.81,1205.1,53.8
2019-10-02,54.74,266.66,1713.23,174.6,1176.63,53.15
2019-10-03,55.205,272.4,1724.42,179.38,1187.83,53.86
2019-10-04,56.7525,276.96,1739.65,180.45,1209.0,55.14
2019-10-05,56.7567,276.94,1737.32,180.1933,1208.56,55.0267
2019-10-06,56.7608,276.92,1734.99,179.9367,1208.12,54.9133
2019-10-07,56.765,276.9,1732.66,179.68,1207.6801,54.8
2019-10-08,56.1,270.83,1705.51,177.75,1189.13,54.05
2019-10-09,56.7575,274.27,1721.99,179.85,1202.3101,54.53
2019-10-10,57.5225,274.98,1720.26,180.03,1208.67,55.49
2019-10-11,59.0525,278.29,1731.92,184.19,1215.45,56.89
2019-10-12,59.0242,278.12,1733.4234,183.8867,1216.0133,56.7467
2019-10-13,58.9958,277.95,1734.9267,183.5833,1216.5767,56.6033
2019-10-14,58.9675,277.78,1736.4301,183.28,1217.14,56.46
2019-10-15,58.83,279.39,1767.38,188.89,1243.01,56.35
2019-10-16,58.5925,272.7,1777.4301,189.55,1243.64,55.88
2019-10-17,58.82,269.24,1787.48,190.39,1253.0699,55.06
2019-10-18,59.1025,265.52,1757.51,185.85,1245.49,54.55
2019-10-19,59.4442,265.96,1766.8934,187.1533,1245.71,54.7433
2019-10-20,59.7858,266.4,1776.2767,188.4567,1245.93,54.9367
2019-10-21,60.1275,266.84,1785.66,189.76,1246.15,55.13
2019-10-22,59.99,261.09,1765.73,182.34,1242.8,54.11
2019-10-23,60.795,261.32,1762.17,186.15,1259.13,54.13
2019-10-24,60.895,269.7,1780.78,186.38,1260.99,54.26
2019-10-25,61.645,270.98,1761.33,187.89,1265.13,54.17
2019-10-26,61.8508,271.1033,1766.58,188.3933,1273.42,54.3267
2019-10-27,62.0567,271.2267,1771.83,188.8967,1281.71,54.4833
2019-10-28,62.2625,271.35,1777.08,189.4,1290.0,54.64
2019-10-29,60.8225,271.45,1762.71,189.31,1262.62,54.8
2019-10-30,60.815,278.41,1779.99,188.25,1261.29,54.85
2019-10-31,62.19,277.93,1776.66,191.65,1260.11,54.49
2019-11-01,63.955,277.82,1791.4399,193.62,1273.74,55.0
2019-11-02,64.095,277.7133,1795.8466,193.9867,1279.6167,55.15
2019-11-03,64.235,277.6067,1800.2533,194.3533,1285.4933,55.3
2019-11-04,64.375,277.5,1804.66,194.72,1291.37,55.45
2019-11-05,64.2825,289.29,1801.71,194.32,1292.03,55.67
2019-11-06,64.31,287.4,1795.77,191.55,1291.8,55.7
2019-11-07,64.8575,290.77,1788.2,190.42,1308.86,55.98
2019-11-08,65.035,292.46,1785.88,190.84,1311.37,56.49
2019-11-09,65.2067,291.73,1781.1367,190.43,1307.31,56.47
2019-11-10,65.3783,291.0,1776.3934,190.02,1303.25,56.45
2019-11-11,65.55,290.27,1771.65,189.61,1299.1899,56.43
2019-11-12,65.49,291.72,1778.0,194.47,1298.8,56.59
2019-11-13,66.1175,293.54,1753.11,193.19,1298.0,56.21
2019-11-14,65.66,294.53,1754.6,193.15,1311.46,56.09
2019-11-15,66.44,297.5,1739.49,195.1,1334.87,56.42
2019-11-16,66.5517,297.3867,1743.8367,195.8667,1330.1466,56.3433
2019-11-17,66.6633,297.2733,1748.1833,196.6333,1325.4233,56.2667
2019-11-18,66.775,297.16,1752.53,197.4,1320.7,56.19
2019-11-19,66.5725,300.6,1752.79,199.32,1315.46,56.27
2019-11-20,65.7975,300.1,1745.53,197.51,1303.05,56.24
2019-11-21,65.5025,298.8,1734.71,197.93,1301.35,56.23
2019-11-22,65.445,299.3,1745.72,198.82,1295.34,56.39
2019-11-23,65.8275,301.2933,1755.0933,199.1433,1299.1233,56.4467
2019-11-24,66.21,303.2867,1764.4666,199.4667,1302.9066,56.5033
2019-11-25,66.5925,305.28,1773.84,199.79,1306.6899,56.56
2019-11-26,66.0725,307.9,1796.9399,198.97,1313.55,56.51
2019-11-27,66.96,309.06,1818.51,202.0,1312.99,56.61
2019-11-28,66.8862,309.295,1809.655,201.82,1308.975,56.375
2019-11-29,66.8125,309.53,1800.8,201.64,1304.96,56.14
2019-11-30,66.555,307.27,1794.4,200.9933,1299.9467,55.9033
2019-12-01,66.2975,305.01,1788.0,200.3467,1294.9333,55.6667
2019-12-02,66.04,302.75,1781.6,199.7,1289.92,55.43
2019-12-03,64.8625,303.91,1769.96,198.82,1295.28,54.59
2019-12-04,65.435,302.51,1760.6899,198.71,1320.54,54.41
2019-12-05,66.395,303.03,1740.48,199.36,1328.13,54.68
2019-12-06,67.6775,306.23,1751.6,201.05,1340.62,54.83
2019-12-07,67.3617,306.5033,1750.9033,201.1467,1341.6,54.99
2019-12-08,67.0458,306.7767,1750.2067,201.2433,1342.58,55.15
2019-12-09,66.73,307.05,1749.51,201.34,1343.5601,55.31
2019-12-10,67.12,304.17,1739.21,200.87,1344.66,55.82
2019-12-11,67.6925,303.74,1748.72,202.26,1345.02,56.31
2019-12-12,67.865,305.96,1760.33,196.75,1350.27,56.47
2019-12-13,68.7875,317.94,1760.9399,194.11,1347.83,54.51
2019-12-14,69.18,319.8933,1763.6966,195.38,1352.2767,54.3367
2019-12-15,69.5725,321.8467,1766.4533,196.65,1356.7233,54.1633
2019-12-16,69.965,323.8,1769.21,197.92,1361.17,53.99
2019-12-17,70.1025,322.85,1790.66,198.39,1355.12,52.84
2019-12-18,69.935,324.38,1784.03,202.5,1352.62,53.39
2019-12-19,70.005,327.63,1792.28,206.06,1356.04,53.24
2019-12-20,69.86,327.61,1786.5,206.3,1349.59,53.6
2019-12-21,70.24,328.0567,1788.6667,206.26,1349.34,53.6367
2019-12-22,70.62,328.5033,1790.8333,206.22,1349.09,53.6733
2019-12-23,71.0,328.95,1793.0,206.18,1348.84,53.71
2019-12-24,71.0675,329.64,1789.21,205.12,1343.5601,53.44
2019-12-25,71.7725,330.42,1828.99,206.455,1351.98,53.505
2019-12-26,72.4775,331.2,1868.77,207.79,1360.4,53.57
2019-12-27,72.45,330.79,1869.8,208.1,1351.89,53.46
2019-12-28,72.5933,329.9733,1862.1634,206.87,1346.64,53.2067
2019-12-29,72.7367,329.1567,1854.5267,205.64,1341.39,52.9533
2019-12-30,72.88,328.34,1846.89,204.41,1336.14,52.7
2019-12-31,73.4125,329.81,1847.84,205.25,1337.02,52.98
2020-01-01,74.25,332.12,1872.925,207.515,1352.195,53.465
2020-01-02,75.0875,334.43,1898.01,209.78,1367.37,53.95
2020-01-03,74.3575,331.81,1874.97,208.67,1360.66,53.76
2020-01-04,74.555,332.4433,1884.2733,209.98,1371.8433,53.8533
2020-01-05,74.7525,333.0767,1893.5767,211.29,1383.0267,53.9467
2020-01-06,74.95,333.71,1902.88,212.6,1394.21,54.04
2020-01-07,74.5975,333.39,1906.86,213.06,1393.34,54.16
2020-01-08,75.7975,337.87,1891.97,215.22,1404.3199,54.13
2020-01-09,77.4075,340.45,1901.05,218.3,1419.83,54.38
2020-01-10,77.5825,339.81,1883.16,218.06,1429.73,54.45
2020-01-11,78.135,341.75,1885.8734,219.3433,1432.8966,54.4933
2020-01-12,78.6875,343.69,1888.5867,220.6267,1436.0633,54.5367
2020-01-13,79.24,345.63,1891.3,221.91,1439.23,54.58
2020-01-14,78.17,344.63,1869.4399,219.06,1430.88,54.88
2020-01-15,77.835,342.94,1862.02,221.15,1439.2,54.76
2020-01-16,78.81,345.38,1877.9399,221.77,1451.7,55.43
2020-01-17,79.6825,349.74,1864.72,222.14,1480.39,55.13
2020-01-18,79.5475,349.805,1871.54,221.965,1481.3925,55.1525
2020-01-19,79.4125,349.87,1878.36,221.79,1482.395,55.175
2020-01-20,79.2775,349.935,1885.18,221.615,1483.3975,55.1975
2020-01-21,79.1425,350.0,1892.0,221.44,1484.4,55.22
2020-01-22,79.425,350.06,1887.46,221.32,1485.95,54.72
2020-01-23,79.8075,351.76,1884.58,219.76,1486.65,54.98
2020-01-24,79.5775,351.37,1861.64,217.94,1466.71,54.07
2020-01-25,78.7975,349.88,1850.54,216.9167,1455.7733,53.61
2020-01-26,78.0175,348.39,1839.44,215.8933,1444.8367,53.15
2020-01-27,77.2375,346.9,1828.34,214.87,1433.9,52.69
2020-01-28,79.4225,354.63,1853.25,217.79,1452.5601,53.46
2020-01-29,81.085,351.66,1858.0,223.23,1458.63,53.2
2020-01-30,80.9675,356.74,1870.6801,209.53,1455.84,53.31
2020-01-31,77.3775,351.14,2008.72,201.91,1434.23,52.45
2020-02-01,77.3067,353.4267,2007.2133,202.67,1451.4666,52.6633
2020-02-02,77.2358,355.7133,2005.7066,203.43,1468.7033,52.8767
2020-02-03,77.165,358.0,2004.2,204.19,1485.9399,53.09
2020-02-04,79.7125,366.74,2049.6699,209.83,1447.0699,54.04
2020-02-05,80.3625,365.55,2039.87,210.11,1448.23,54.74
2020-02-06,81.3025,367.46,2050.23,210.85,1476.23,54.71
2020-02-07,80.0075,366.09,2079.28,212.33,1479.23,54.72
2020-02-08,80.1342,367.3933,2097.49,212.5733,1489.0467,54.81
2020-02-09,80.2608,368.6967,2115.7,212.8167,1498.8634,54.9
2020-02-10,80.3875,370.0,2133.9099,213.06,1508.6801,54.99
2020-02-11,79.9025,369.28,2150.8,207.19,1508.79,55.15
2020-02-12,81.8,374.29,2160.0,210.76,1518.27,55.73
2020-02-13,81.2175,374.84,2149.8701,213.14,1514.66,55.31
2020-02-14,81.2375,379.67,2134.8701,214.18,1520.74,55.47
2020-02-15,80.8656,379.465,2140.0701,215.085,1520.4725,55.465
2020-02-16,80.4938,379.26,2145.27,215.99,1520.205,55.46
2020-02-17,80.1219,379.055,2150.47,216.895,1519.9375,55.455
2020-02-18,79.75,378.85,2155.6699,217.8,1519.67,55.45
2020-02-19,80.905,383.28,2170.22,217.49,1526.6899,55.44
2020-02-20,80.075,378.96,2153.1001,214.58,1518.15,55.51
2020-02-21,78.2625,372.95,2095.97,210.18,1485.11,54.68
2020-02-22,77.0233,367.77,2067.0767,207.0267,1463.9366,54.0033
2020-02-23,75.7842,362.59,2038.1833,203.8733,1442.7633,53.3267
2020-02-24,74.545,357.41,2009.29,200.72,1421.59,52.65
2020-02-25,72.02,347.8,1972.74,196.77,1388.45,50.96
2020-02-26,73.1625,351.34,1979.59,197.2,1393.1801,52.05
2020-02-27,68.38,337.52,1884.3,189.75,1318.09,50.78
2020-02-28,68.34,345.12,1883.75,192.47,1339.33,49.46
2020-02-29,70.4608,350.1733,1907.15,193.7933,1355.9233,49.94
2020-03-01,72.5817,355.2267,1930.55,195.1167,1372.5166,50.42
2020-03-02,74.7025,360.28,1953.95,196.44,1389.11,50.9
2020-03-03,72.33,348.34,1908.99,185.89,1341.39,48.85
2020-03-04,75.685,363.85,1975.83,191.76,1386.52,50.54
2020-03-05,73.23,351.03,1924.03,185.17,1319.04,48.0
2020-03-06,72.2575,336.77,1901.09,181.09,1298.41,47.37
2020-03-07,70.3525,326.4433,1867.5966,177.2267,1270.7934,46.9167
2020-03-08,68.4475,316.1167,1834.1033,173.3633,1243.1767,46.4633
2020-03-09,66.5425,305.79,1800.61,169.5,1215.5601,46.01
2020-03-10,71.335,332.38,1891.8199,178.19,1280.39,48.58
2020-03-11,68.8575,315.23,1820.86,170.24,1215.41,44.72
2020-03-12,62.0575,285.0,1676.61,154.47,1114.91,39.8
2020-03-13,69.4925,335.5,1785.0,170.28,1219.73,47.93
2020-03-14,66.5125,319.01,1753.05,162.19,1174.5966,46.1933
2020-03-15,63.5325,302.52,1721.1,154.1,1129.4633,44.4567
2020-03-16,60.5525,286.03,1689.15,146.01,1084.33,42.72
2020-03-17,63.215,311.81,1807.84,149.42,1119.8,46.86
2020-03-18,61.6675,294.61,1830.0,146.96,1096.8,47.27
2020-03-19,61.195,307.51,1880.9301,153.13,1115.29,45.07
2020-03-20,57.31,295.34,1846.09,149.73,1072.3199,45.65
2020-03-21,56.9042,299.3167,1865.0033,149.1867,1067.0866,45.1633
2020-03-22,56.4983,303.2933,1883.9166,148.6433,1061.8533,44.6767
2020-03-23,56.0925,307.27,1902.83,148.1,1056.62,44.19
2020-03-24,61.72,310.0,1940.1,160.98,1134.46,47.84
2020-03-25,61.38,305.91,1885.84,156.21,1102.49,45.94
2020-03-26,64.61,322.67,1955.49,163.34,1161.75,50.48
2020-03-27,61.935,305.83,1900.1,156.79,1110.71,49.83
2020-03-28,62.5242,310.0167,1921.3833,159.8433,1122.7466,50.0067
2020-03-29,63.1133,314.2033,1942.6666,162.8967,1134.7833,50.1833
2020-03-30,63.7025,318.39,1963.95,165.95,1146.8199,50.36
2020-03-31,63.5725,318.24,1949.72,166.8,1162.8101,48.33
2020-04-01,60.2275,301.21,1907.7,159.6,1105.62,48.71
2020-04-02,61.2325,303.96,1918.83,158.19,1120.84,49.8
2020-04-03,60.3525,293.61,1906.59,154.18,1097.88,49.4
2020-04-04,62.1075,302.1167,1936.9233,157.97,1127.56,50.0967
2020-04-05,63.8625,310.6233,1967.2566,161.76,1157.24,50.7933
2020-04-06,65.6175,319.13,1997.59,165.55,1186.92,51.49
2020-04-07,64.8575,308.93,2011.6,168.83,1186.51,50.76
2020-04-08,66.5175,317.18,2043.0,174.28,1210.28,52.13
2020-04-09,66.9975,318.7,2042.76,175.19,1211.45,53.18
2020-04-10,67.3262,319.1875,2074.2875,175.09,1212.9775,53.1275
2020-04-11,67.655,319.675,2105.8151,174.99,1214.505,53.075
2020-04-12,67.9837,320.1625,2137.3426,174.89,1216.0325,53.0225
2020-04-13,68.3125,320.65,2168.8701,174.79,1217.5601,52.97
2020-04-14,71.7625,340.77,2283.3201,178.17,1269.23,54.0
2020-04-15,71.1075,332.55,2307.6799,176.97,1262.47,53.16
2020-04-16,71.6725,342.7,2408.1899,176.25,1263.47,53.7
2020-04-17,70.7,344.11,2375.0,179.24,1283.25,54.62
2020-04-18,70.2108,344.3667,2381.2034,178.9067,1277.7033,54.3833
2020-04-19,69.7217,344.6233,2387.4067,178.5733,1272.1567,54.1467
2020-04-20,69.2325,344.88,2393.6101,178.24,1266.61,53.91
2020-04-21,67.0925,328.99,2328.1201,170.8,1216.34,51.31
2020-04-22,69.025,336.77,2363.49,182.28,1263.21,52.27
2020-04-23,68.7575,335.37,2399.45,185.13,1276.3101,51.97
2020-04-24,70.7425,344.1,2410.22,190.07,1279.3101,53.01
2020-04-25,70.7592,345.5667,2398.8133,189.2133,1278.1667,53.13
2020-04-26,70.7758,347.0333,2387.4067,188.3567,1277.0234,53.25
2020-04-27,70.7925,348.5,2376.0,187.5,1275.88,53.37
2020-04-28,69.645,333.45,2314.0801,182.91,1233.67,53.2
2020-04-29,71.9325,349.17,2372.71,194.19,1341.48,53.88
2020-04-30,73.45,353.64,2474.0,204.71,1348.66,52.97
2020-05-01,72.2675,343.84,2286.04,202.27,1320.61,51.79
2020-05-02,72.6083,345.5967,2296.0234,203.2667,1322.6733,51.7767
2020-05-03,72.9492,347.3533,2306.0067,204.2633,1324.7367,51.7633
2020-05-04,73.29,349.11,2315.99,205.26,1326.8,51.75
2020-05-05,74.39,356.13,2317.8,207.07,1351.11,52.05
2020-05-06,75.1575,362.52,2351.26,208.47,1347.3,51.86
2020-05-07,75.935,366.78,2367.6101,211.26,1372.5601,52.6
2020-05-08,77.5325,367.51,2379.6101,212.35,1388.37,53.57
2020-05-09,77.9392,368.8133,2389.4067,212.6267,1393.3333,53.5567
2020-05-10,78.3458,370.1167,2399.2034,212.9033,1398.2967,53.5433
2020-05-11,78.7525,371.42,2409.0,213.18,1403.26,53.53
2020-05-12,77.8525,365.1,2356.95,210.1,1375.74,52.27
2020-05-13,76.9125,358.56,2367.9199,205.1,1349.33,51.65
2020-05-14,77.385,355.39,2388.8501,206.81,1356.13,52.91
2020-05-15,76.9275,365.3,2409.78,210.88,1373.1899,52.92
2020-05-16,77.5317,366.19,2415.2734,211.65,1376.7733,52.9967
2020-05-17,78.1358,367.08,2420.7667,212.42,1380.3566,53.0733
2020-05-18,78.74,367.97,2426.26,213.19,1383.9399,53.15
2020-05-19,78.285,372.2,2449.3301,216.88,1373.485,52.34
2020-05-20,79.8075,383.63,2497.9399,229.97,1406.72,52.9
2020-05-21,79.2125,382.17,2446.74,231.39,1402.8,52.22
2020-05-22,79.7225,385.26,2436.8799,234.91,1410.42,52.62
2020-05-23,79.5875,383.1025,2433.1249,234.2325,1412.07,52.66
2020-05-24,79.4525,380.945,2429.37,233.555,1413.72,52.7
2020-05-25,79.3175,378.7875,2425.6151,232.8775,1415.37,52.74
2020-05-26,79.1825,376.63,2421.8601,232.2,1417.02,52.78
2020-05-27,79.5275,375.17,2410.3899,229.14,1417.84,53.2
2020-05-28,79.5625,379.83,2401.1001,225.46,1416.73,53.62
2020-05-29,79.485,386.6,2442.3701,225.09,1428.92,53.77
2020-05-30,79.8108,387.6267,2451.9268,227.3633,1429.8867,53.5333
2020-05-31,80.1367,388.6533,2461.4834,229.6367,1430.8533,53.2967
2020-06-01,80.4625,389.68,2471.04,231.91,1431.8199,53.06
2020-06-02,80.835,390.44,2472.4099,232.72,1439.22,53.28
2020-06-03,81.28,389.92,2478.3999,230.16,1436.38,53.49
2020-06-04,80.58,385.8,2460.6001,226.29,1412.1801,52.85
2020-06-05,82.875,392.9,2483.0,230.77,1438.39,53.98
2020-06-06,83.0383,394.5267,2496.6867,230.98,1441.13,54.3533
2020-06-07,83.2017,396.1533,2510.3734,231.19,1443.87,54.7267
2020-06-08,83.365,397.78,2524.0601,231.4,1446.61,55.1
2020-06-09,85.9975,397.16,2600.8601,238.67,1456.16,54.18
2020-06-10,88.21,406.82,2647.45,236.73,1465.85,54.11
2020-06-11,83.975,387.67,2557.96,224.43,1403.84,51.31
2020-06-12,84.7,406.54,2545.02,228.58,1413.1801,51.86
2020-06-13,85.0492,404.8067,2554.24,229.8867,1415.4034,52.3233
2020-06-14,85.3983,403.0733,2563.46,231.1933,1417.6267,52.7867
2020-06-15,85.7475,401.34,2572.6799,232.5,1419.85,53.25
2020-06-16,88.02,411.67,2615.27,235.65,1442.72,54.59
2020-06-17,87.8975,413.49,2640.98,235.53,1451.12,51.52
2020-06-18,87.9325,420.46,2653.98,235.94,1435.96,53.69
2020-06-19,87.43,428.01,2675.01,238.79,1431.72,54.4
2020-06-20,88.1925,431.5533,2687.9467,238.9333,1438.4333,54.64
2020-06-21,88.955,435.0967,2700.8834,239.0767,1445.1466,54.88
2020-06-22,89.7175,438.64,2713.8201,239.22,1451.86,55.12
2020-06-23,91.6325,440.55,2764.4099,242.24,1464.41,55.19
2020-06-24,90.015,431.68,2734.3999,234.02,1431.97,54.44
2020-06-25,91.21,436.95,2754.5801,235.68,1441.33,54.53
2020-06-26,88.4075,426.92,2692.8701,216.08,1359.9,54.18
2020-06-27,89.0867,426.0133,2688.7067,217.6,1371.59,54.3733
2020-06-28,89.7658,425.1067,2684.5433,219.12,1383.28,54.5667
2020-06-29,90.445,424.2,2680.3799,220.64,1394.97,54.76
2020-06-30,91.2,435.31,2758.8201,227.07,1413.61,55.27
2020-07-01,91.0275,439.81,2878.7,237.55,1438.04,55.49
2020-07-02,91.0275,442.95,2890.3,233.42,1464.7,55.94
2020-07-03,91.6362,445.36,2931.985,235.135,1472.45,56.105
2020-07-04,92.245,447.77,2973.67,236.85,1480.2,56.27
2020-07-05,92.8538,450.18,3015.355,238.565,1487.95,56.435
2020-07-06,93.4625,452.59,3057.04,240.28,1495.7,56.6
2020-07-07,93.1725,449.36,3000.1201,240.86,1485.1801,56.31
2020-07-08,95.3425,457.68,3081.1101,243.58,1496.0,56.66
2020-07-09,95.7525,460.84,3182.6299,244.5,1510.99,57.53
2020-07-10,95.92,466.2,3200.0,245.07,1541.74,57.39
2020-07-11,95.7725,458.29,3168.0,243.0467,1531.6066,57.2633
2020-07-12,95.625,450.38,3136.0,241.0233,1521.4733,57.1367
2020-07-13,95.4775,442.47,3104.0,239.0,1511.34,57.01
2020-07-14,97.0575,433.78,3084.0,239.73,1520.58,57.2
2020-07-15,97.725,433.01,3008.8701,240.28,1513.64,56.62
2020-07-16,96.5225,426.29,2999.8999,240.93,1518.0,55.82
2020-07-17,96.3275,432.42,2961.97,242.03,1515.55,54.9
2020-07-18,97.0042,440.0367,3040.26,243.16,1532.2734,55.0667
2020-07-19,97.6808,447.6533,3118.55,244.29,1548.9967,55.2333
2020-07-20,98.3575,455.27,3196.8401,245.42,1565.72,55.4
2020-07-21,97.0,444.28,3138.29,241.75,1558.42,55.91
2020-07-22,97.2725,445.05,3099.9099,239.87,1568.49,56.01
2020-07-23,92.845,431.74,2986.55,232.6,1515.6801,55.76
2020-07-24,92.615,430.31,3008.9099,230.71,1511.87,55.65
2020-07-25,93.3467,432.5733,3024.3433,231.64,1517.98,55.5467
2020-07-26,94.0783,434.8367,3039.7766,232.57,1524.09,55.4433
2020-07-27,94.81,437.1,3055.21,233.5,1530.2,55.34
2020-07-28,93.2525,432.26,3000.3301,230.12,1500.34,55.35
2020-07-29,95.04,436.3,3033.53,233.29,1522.02,55.7
2020-07-30,96.19,438.88,3051.8799,234.5,1531.45,55.25
2020-07-31,106.26,444.32,3164.6799,253.67,1482.96,55.45
2020-08-01,107.1525,445.5367,3147.0833,253.1,1480.1233,55.6267
2020-08-02,108.045,446.7533,3129.4866,252.53,1477.2866,55.8033
2020-08-03,108.9375,447.97,3111.8899,251.96,1474.45,55.98
2020-08-04,109.665,446.92,3138.8301,249.83,1464.97,56.0
2020-08-05,110.0625,449.51,3205.03,249.12,1473.61,55.5
2020-08-06,113.9025,464.11,3225.0,265.28,1500.1,55.28
2020-08-07,111.1125,449.57,3167.46,268.44,1494.49,55.23
2020-08-08,111.6508,447.4767,3161.0266,266.6267,1495.0267,55.1333
2020-08-09,112.1892,445.3833,3154.5933,264.8133,1495.5633,55.0367
2020-08-10,112.7275,443.29,3148.1599,263.0,1496.1,54.94
2020-08-11,109.375,435.23,3080.6699,256.13,1480.3199,54.27
2020-08-12,113.01,445.36,3162.24,259.89,1506.62,54.17
2020-08-13,115.01,450.02,3161.02,261.3,1518.45,54.02
2020-08-14,114.9075,447.6,3148.02,261.24,1507.73,54.2
2020-08-15,114.8075,448.9267,3159.4833,261.2133,1511.1466,54.13
2020-08-16,114.7075,450.2533,3170.9466,261.1867,1514.5633,54.06
2020-08-17,114.6075,451.58,3182.4099,261.16,1517.98,53.99
2020-08-18,115.5625,463.51,3312.49,262.34,1558.6,55.18
2020-08-19,115.7075,462.01,3260.48,262.59,1547.53,56.2
2020-08-20,118.275,478.48,3297.3701,269.01,1581.75,55.26
2020-08-21,124.37,473.22,3284.72,267.01,1580.42,55.19
2020-08-22,124.8658,474.2467,3292.3,268.47,1583.0133,55.4633
2020-08-23,125.3617,475.2733,3299.88,269.93,1585.6066,55.7367
2020-08-24,125.8575,476.3,3307.46,271.39,1588.2,56.01
2020-08-25,124.825,484.43,3346.49,280.82,1608.22,56.09
2020-08-26,126.5225,528.49,3441.8501,303.91,1652.38,57.49
2020-08-27,125.01,510.32,3400.0,293.22,1634.33,57.18
2020-08-28,124.8075,516.44,3401.8,293.66,1644.41,57.88
2020-08-29,126.2183,515.4233,3418.1867,293.5067,1641.0,57.66
2020-08-30,127.6292,514.4067,3434.5733,293.3533,1637.59,57.44
2020-08-31,129.04,513.39,3450.96,293.2,1634.1801,57.22
2020-09-01,134.18,527.95,3499.1201,295.44,1660.71,57.66
2020-09-02,131.4,533.8,3531.45,302.5,1728.28,59.03
2020-09-03,120.88,507.8,3368.0,291.12,1641.84,57.1
2020-09-04,120.96,491.94,3294.6201,282.73,1591.04,55.73
2020-09-05,118.925,484.4875,3258.4251,279.8375,1576.3775,55.6275
2020-09-06,116.89,477.035,3222.2301,276.945,1561.715,55.525
2020-09-07,114.855,469.5825,3186.0351,274.0525,1547.0525,55.4225
2020-09-08,112.82,462.13,3149.8401,271.16,1532.39,55.32
2020-09-09,117.32,479.46,3268.6101,273.72,1556.96,56.95
2020-09-10,113.49,476.26,3175.1101,268.09,1532.02,57.33
2020-09-11,112.0,471.35,3116.22,266.61,1520.72,57.0
2020-09-12,113.12,476.2033,3111.8033,266.4567,1520.24,57.82
2020-09-13,114.24,481.0567,3107.3866,266.3033,1519.76,58.64
2020-09-14,115.36,485.91,3102.97,266.15,1519.28,59.46
2020-09-15,115.54,497.67,3156.1299,272.42,1541.4399,60.94
2020-09-16,112.13,476.0,3078.1001,263.52,1520.9,60.43
2020-09-17,110.34,474.3,3008.73,254.82,1495.53,60.18
2020-09-18,106.84,467.55,2954.9099,252.53,1459.99,59.75
2020-09-19,107.92,470.2467,2956.7633,251.07,1450.38,60.1067
2020-09-20,109.0,472.9433,2958.6166,249.61,1440.77,60.4633
2020-09-21,110.08,475.64,2960.47,248.15,1431.16,60.82
2020-09-22,111.81,486.78,3128.99,254.75,1465.46,60.62
2020-09-23,107.12,470.39,2999.8601,249.02,1415.21,58.96
2020-09-24,108.22,467.67,3019.79,249.53,1428.29,59.3
2020-09-25,112.28,479.78,3095.1299,254.82,1444.96,59.8
2020-09-26,113.1733,482.69,3121.4366,255.4867,1451.48,59.7267
2020-09-27,114.0667,485.6,3147.7433,256.1533,1458.0,59.6533
2020-09-28,114.96,488.51,3174.05,256.82,1464.52,59.58
2020-09-29,114.09,489.33,3144.8799,261.79,1469.33,59.47
2020-09-30,115.81,490.43,3148.73,261.9,1469.6,59.7
2020-10-01,116.79,499.51,3221.26,266.63,1490.09,59.68
2020-10-02,113.02,478.99,3125.0,259.94,1458.42,58.83
2020-10-03,114.18,481.4833,3149.7333,261.51,1467.62,59.0733
2020-10-04,115.34,483.9767,3174.4666,263.08,1476.82,59.3167
2020-10-05,116.5,486.47,3199.2,264.65,1486.02,59.56
2020-10-06,113.16,478.98,3099.96,258.66,1453.4399,59.51
2020-10-07,115.08,493.15,3195.6899,258.12,1460.29,60.59
2020-10-08,114.97,490.84,3190.55,263.76,1485.9301,60.89
2020-10-09,116.97,502.16,3286.6499,264.45,1515.22,61.15
2020-10-10,119.4467,505.07,3338.7432,268.2167,1533.1967,61.2533
2020-10-11,121.9233,507.98,3390.8366,271.9833,1551.1733,61.3567
2020-10-12,124.4,510.89,3442.9299,275.75,1569.15,61.46
2020-10-13,121.1,514.31,3443.6299,276.14,1571.6801,60.97
2020-10-14,121.19,506.31,3363.71,271.82,1568.08,60.96
2020-10-15,120.71,501.15,3338.6499,266.72,1559.13,60.52
2020-10-16,119.02,502.82,3272.71,265.93,1573.01,60.29
2020-10-17,118.0067,500.28,3250.8766,264.42,1560.21,60.0667
2020-10-18,116.9933,497.74,3229.0433,262.91,1547.41,59.8433
2020-10-19,115.98,495.2,3207.21,261.4,1534.61,59.62
2020-10-20,117.51,494.58,3217.01,267.56,1555.9301,59.75
2020-10-21,116.87,495.96,3184.9399,278.73,1593.3101,59.67
2020-10-22,115.75,483.6,3176.3999,278.12,1615.33,59.69
2020-10-23,115.04,488.5,3204.3999,284.79,1641.0,59.9
2020-10-24,115.0433,484.0667,3205.2799,282.23,1624.15,59.0967
2020-10-25,115.0467,479.6333,3206.16,279.67,1607.3,58.2933
2020-10-26,115.05,475.2,3207.04,277.11,1590.45,57.49
2020-10-27,116.6,478.56,3286.3301,283.29,1604.26,57.08
2020-10-28,111.2,456.97,3162.78,267.67,1516.62,55.59
2020-10-29,115.32,461.11,3211.01,280.83,1567.24,56.02
2020-10-30,108.86,447.1,3036.1499,263.11,1621.01,56.11
2020-10-31,108.83,446.38,3025.5933,262.5267,1622.6833,56.2233
2020-11-01,108.8,445.66,3015.0366,261.9433,1624.3567,56.3367
2020-11-02,108.77,444.94,3004.48,261.36,1626.03,56.45
2020-11-03,110.44,454.02,3048.4099,265.3,1650.21,56.8
2020-11-04,114.95,487.23,3241.1599,287.38,1749.13,56.49
2020-11-05,119.03,496.47,3322.0,294.68,1763.37,56.66
2020-11-06,118.69,494.63,3311.3701,293.41,1761.75,56.8
2020-11-07,117.9,486.8,3255.4934,288.53,1762.1667,56.8133
2020-11-08,117.11,478.97,3199.6167,283.65,1762.5833,56.8267
2020-11-09,116.32,471.14,3143.74,278.77,1763.0,56.84
2020-11-10,115.97,452.0,3035.02,272.43,1740.39,56.67
2020-11-11,119.49,467.75,3137.3899,276.48,1752.71,57.2
2020-11-12,119.21,462.58,3110.28,275.08,1749.84,56.45
2020-11-13,119.26,469.34,3128.8101,276.95,1777.02,56.91
2020-11-14,119.6067,466.5433,3129.5601,277.62,1778.4733,56.99
2020-11-15,119.9533,463.7467,3130.3101,278.29,1779.9267,57.07
2020-11-16,120.3,460.95,3131.0601,278.96,1781.38,57.15
2020-11-17,119.39,467.95,3135.6599,275.0,1770.15,57.12
2020-11-18,118.03,459.47,3105.46,271.97,1746.78,56.25
2020-11-19,118.64,466.41,3117.02,272.94,1763.92,56.45
2020-11-20,117.34,462.92,3099.3999,269.7,1742.1899,55.7
2020-11-21,116.1767,462.15,3099.0632,269.2767,1739.7466,55.8267
2020-11-22,115.0133,461.38,3098.7266,268.8533,1737.3033,55.9533
2020-11-23,113.85,460.61,3098.3899,268.43,1734.86,56.08
2020-11-24,115.17,462.7,3118.0601,276.92,1768.88,57.57
2020-11-25,116.03,470.08,3185.0701,275.59,1771.4301,57.41
2020-11-26,116.31,473.555,3190.2051,276.7,1782.31,57.585
2020-11-27,116.59,477.03,3195.3401,277.81,1793.1899,57.76
2020-11-28,117.41,477.51,3186.2401,277.53,1782.3733,57.7467
2020-11-29,118.23,477.99,3177.1401,277.25,1771.5566,57.7333
2020-11-30,119.05,478.47,3168.04,276.97,1760.74,57.72
2020-12-01,122.72,479.15,3220.0801,286.55,1798.1,58.74
2020-12-02,123.08,481.26,3203.53,287.52,1827.95,59.08
2020-12-03,122.94,484.28,3186.73,281.85,1826.77,59.27
2020-12-04,122.25,486.0,3162.5801,279.7,1827.99,59.96
2020-12-05,122.75,488.0833,3161.0534,281.66,1825.1533,59.9067
2020-12-06,123.25,490.1667,3159.5267,283.62,1822.3167,59.8533
2020-12-07,123.75,492.25,3158.0,285.58,1819.48,59.8
2020-12-08,124.38,495.28,3177.29,283.4,1818.55,59.03
2020-12-09,121.78,483.74,3104.2,277.92,1784.13,59.73
2020-12-10,123.24,476.87,3101.49,277.12,1775.33,59.48
2020-12-11,122.41,475.91,3116.4199,273.55,1781.77,60.61
2020-12-12,122.2,479.4133,3129.9366,273.7633,1774.5334,60.66
2020-12-13,121.99,482.9167,3143.4533,273.9767,1767.2967,60.71
2020-12-14,121.78,486.42,3156.97,274.19,1760.0601,60.76
2020-12-15,127.88,482.64,3165.1201,275.55,1767.77,61.86
2020-12-16,127.81,489.9,3240.96,275.67,1763.0,62.78
2020-12-17,128.7,495.36,3236.0801,274.48,1747.9,63.61
2020-12-18,126.66,502.95,3201.6499,276.4,1731.01,65.06
2020-12-19,127.1833,501.43,3203.1599,275.1967,1733.7967,64.8667
2020-12-20,127.7067,499.91,3204.6699,273.9933,1736.5833,64.6733
2020-12-21,128.23,498.39,3206.1799,272.79,1739.37,64.48
2020-12-22,131.88,504.17,3206.52,267.09,1723.5,65.15
2020-12-23,130.96,496.91,3185.27,268.11,1732.38,65.3
2020-12-24,131.97,499.86,3172.6899,267.4,1738.85,64.96
2020-12-25,133.15,499.6325,3200.5074,269.8,1748.16,64.9375
2020-12-26,134.33,499.405,3228.325,272.2,1757.47,64.915
2020-12-27,135.51,499.1775,3256.1425,274.6,1766.78,64.8925
2020-12-28,136.69,498.95,3283.96,277.0,1776.09,64.87
2020-12-29,134.87,502.11,3322.0,276.78,1758.72,64.46
2020-12-30,133.72,497.45,3285.8501,271.87,1739.52,64.4
2020-12-31,132.69,500.12,3256.9299,273.16,1751.88,64.69
2021-01-01,131.87,496.425,3239.3549,272.105,1745.97,64.455
2021-01-02,131.05,492.73,3221.7799,271.05,1740.06,64.22
2021-01-03,130.23,489.035,3204.2049,269.995,1734.15,63.985
2021-01-04,129.41,485.34,3186.6299,268.94,1728.24,63.75
2021-01-05,131.01,485.69,3218.51,270.97,1740.92,62.96
2021-01-06,126.6,466.31,3138.3799,263.31,1735.29,62.57
2021-01-07,130.92,477.74,3162.1599,268.74,1787.25,63.07
2021-01-08,132.05,485.1,3182.7,267.57,1807.21,63.38
2021-01-09,131.0267,481.48,3159.87,263.9933,1793.7133,63.2633
2021-01-10,130.0033,477.86,3137.04,260.4167,1780.2166,63.1467
2021-01-11,128.98,474.24,3114.21,256.84,1766.72,63.03
2021-01-12,128.8,471.65,3120.8301,251.09,1746.55,62.42
2021-01-13,130.89,472.05,3165.8899,251.64,1754.4,62.06
2021-01-14,128.91,463.27,3127.47,245.64,1740.1801,61.6
2021-01-15,127.14,458.08,3104.25,251.36,1736.1899,61.78
2021-01-16,127.3125,457.685,3108.3775,253.795,1749.8575,61.6575
2021-01-17,127.485,457.29,3112.505,256.23,1763.525,61.535
2021-01-18,127.6575,456.895,3116.6325,258.665,1777.1925,61.4125
2021-01-19,127.83,456.5,3120.76,261.1,1790.86,61.29
2021-01-20,132.03,469.73,3263.3799,267.48,1886.9,61.56
2021-01-21,136.87,472.02,3306.99,272.87,1891.25,61.21
2021-01-22,139.07,472.44,3292.23,274.5,1901.05,60.36
2021-01-23,140.3533,472.7733,3292.82,275.67,1900.5,60.54
2021-01-24,141.6367,473.1067,3293.41,276.84,1899.95,60.72
2021-01-25,142.92,473.44,3294.0,278.01,1899.4,60.9
2021-01-26,143.16,476.28,3326.1299,282.05,1917.24,61.8
2021-01-27,142.06,460.0,3232.5801,272.14,1830.79,62.55
2021-01-28,137.09,465.67,3237.6201,265.0,1863.11,61.22
2021-01-29,131.96,458.77,3206.2,258.33,1835.74,60.43
2021-01-30,132.6867,462.5133,3251.7599,259.5567,1857.61,60.79
2021-01-31,133.4133,466.2567,3297.3199,260.7833,1879.48,61.15
2021-02-01,134.14,470.0,3342.8799,262.01,1901.35,61.51
2021-02-02,134.99,484.93,3380.0,267.08,1927.51,62.37
2021-02-03,133.94,481.92,3312.53,266.65,2070.0701,62.17
2021-02-04,137.39,489.38,3331.0,266.49,2062.3701,63.35
2021-02-05,136.76,492.12,3352.1499,268.1,2098.0,63.6
2021-02-06,136.81,492.6667,3342.4132,267.5933,2096.3033,63.4367
2021-02-07,136.86,493.2133,3332.6766,267.0867,2094.6066,63.2733
2021-02-08,136.91,493.76,3322.9399,266.58,2092.9099,63.11
2021-02-09,136.01,496.05,3305.0,269.45,2083.51,63.67
2021-02-10,135.39,492.67,3286.5801,271.87,2095.3799,63.27
2021-02-11,135.13,496.62,3262.1299,270.39,2095.8899,62.7
2021-02-12,135.37,498.84,3277.71,270.5,2104.1101,63.08
2021-02-13,134.825,499.54,3275.52,271.3675,2108.5576,62.845
2021-02-14,134.28,500.24,3273.33,272.235,2113.005,62.61
2021-02-15,133.735,500.94,3271.14,273.1025,2117.4525,62.375
2021-02-16,133.19,501.64,3268.95,273.97,2121.8999,62.14
2021-02-17,130.84,491.23,3308.6399,273.57,2128.3101,62.09
2021-02-18,129.71,488.37,3328.23,269.39,2117.2,62.07
2021-02-19,129.87,479.12,3249.8999,261.56,2101.1399,61.13
2021-02-20,128.58,475.19,3226.8466,261.15,2089.0532,62.2367
2021-02-21,127.29,471.26,3203.7933,260.74,2076.9666,63.3433
2021-02-22,126.0,467.33,3180.74,260.33,2064.8799,64.45
2021-02-23,125.86,467.8,3194.5,265.86,2070.8601,64.5
2021-02-24,125.35,476.62,3159.53,264.31,2095.1699,64.7
2021-02-25,120.99,459.16,3057.1599,254.69,2031.36,65.3
2021-02-26,121.26,459.67,3092.9299,257.62,2036.86,64.51
2021-02-27,123.4367,462.97,3110.6666,260.05,2051.7433,65.0633
2021-02-28,125.6133,466.27,3128.4032,262.48,2066.6267,65.6167
2021-03-01,127.79,469.57,3146.1399,264.91,2081.51,66.17
2021-03-02,125.12,466.59,3094.53,259.0,2075.8401,66.66
2021-03-03,122.06,448.45,3005.0,255.41,2026.71,66.91
2021-03-04,120.13,439.06,2977.5701,257.64,2049.0901,65.61
2021-03-05,121.42,440.83,3000.46,264.28,2108.54,69.97
2021-03-06,119.7333,434.2867,2984.29,261.29,2080.4167,70.7
2021-03-07,118.0467,427.7433,2968.12,258.3,2052.2934,71.43
2021-03-08,116.36,421.2,2951.95,255.31,2024.17,72.16
2021-03-09,121.09,439.18,3062.8501,265.74,2052.7,72.64
2021-03-10,119.98,437.01,3057.6399,264.9,2055.03,72.12
2021-03-11,121.96,451.06,3113.5901,273.88,2114.77,67.41
2021-03-12,121.03,444.3,3089.49,268.4,2061.9199,67.16
2021-03-13,122.0167,445.3967,3086.8866,270.1833,2063.4433,67.35
2021-03-14,123.0033,446.4933,3084.2833,271.9667,2064.9666,67.54
2021-03-15,123.99,447.59,3081.6799,273.75,2066.49,67.73
2021-03-16,125.57,450.54,3091.8601,279.28,2092.52,66.85
2021-03-17,124.76,451.01,3135.73,284.01,2091.0801,66.22
2021-03-18,120.53,439.18,3027.99,278.62,2036.22,66.74
2021-03-19,119.99,441.5,3074.96,290.11,2043.2,66.26
2021-03-20,121.1233,445.1367,3086.93,291.2533,2041.6633,66.28
2021-03-21,122.2567,448.7733,3098.9001,292.3967,2040.1266,66.3
2021-03-22,123.39,452.41,3110.8701,293.54,2038.59,66.32
2021-03-23,122.54,460.2,3137.5,290.63,2052.96,67.27
2021-03-24,120.09,451.51,3087.0701,282.14,2045.0601,66.83
2021-03-25,120.59,450.99,3046.26,278.74,2044.36,68.63
2021-03-26,121.21,469.09,3052.03,283.02,2035.55,70.25
2021-03-27,121.27,469.1667,3059.93,285.62,2042.35,70.5433
2021-03-28,121.33,469.2433,3067.83,288.22,2049.15,70.8367
2021-03-29,121.39,469.32,3075.73,290.82,2055.95,71.13
2021-03-30,119.9,465.46,3055.29,288.0,2055.54,70.55
2021-03-31,122.15,475.37,3094.0801,294.53,2068.6299,70.17
2021-04-01,123.0,483.34,3161.0,298.66,2137.75,71.81
2021-04-02,123.725,485.41,3177.4325,301.2225,2159.7,72.3975
2021-04-03,124.45,487.48,3193.865,303.785,2181.65,72.985
2021-04-04,125.175,489.55,3210.2975,306.3475,2203.6,73.5725
2021-04-05,125.9,491.62,3226.73,308.91,2225.55,74.16
2021-04-06,126.21,491.34,3223.8201,306.26,2224.75,74.28
2021-04-07,127.9,493.41,3279.3899,313.09,2249.6799,74.07
2021-04-08,130.36,499.84,3299.3,313.02,2265.4399,75.28
2021-04-09,133.0,504.04,3372.2,312.46,2285.8799,75.58
2021-04-10,132.4133,504.7033,3374.5966,312.1533,2275.5166,75.76
2021-04-11,131.8267,505.3667,3376.9932,311.8467,2265.1533,75.94
2021-04-12,131.24,506.03,3379.3899,311.54,2254.79,76.12
2021-04-13,134.43,514.86,3400.0,309.76,2267.27,76.67
2021-04-14,132.03,510.63,3333.0,302.82,2254.8401,76.82
2021-04-15,134.5,523.25,3379.0901,307.82,2296.6599,78.29
2021-04-16,134.16,525.08,3399.4399,306.18,2297.76,78.95
2021-04-17,134.3867,522.11,3390.2966,304.8667,2299.3066,78.8833
2021-04-18,134.6133,519.14,3381.1533,303.5533,2300.8533,78.8167
2021-04-19,134.84,516.17,3372.01,302.24,2302.3999,78.75
2021-04-20,133.11,514.21,3334.6899,302.65,2293.6299,79.24
2021-04-21,133.5,512.34,3362.02,301.47,2293.29,76.66
2021-04-22,131.94,507.29,3309.04,296.52,2267.9199,74.87
2021-04-23,134.32,515.84,3340.8799,301.13,2315.3,74.97
2021-04-24,134.4533,515.7934,3363.5866,301.7667,2319.1134,74.8133
2021-04-25,134.5867,515.7467,3386.2933,302.4033,2322.9267,74.6567
2021-04-26,134.72,515.7,3409.0,303.04,2326.74,74.5
2021-04-27,134.39,517.32,3417.4299,303.57,2307.1201,75.22
2021-04-28,133.58,515.48,3458.5,307.1,2379.9099,74.77
2021-04-29,133.48,516.09,3471.3101,329.51,2429.8899,75.87
2021-04-30,131.46,508.34,3467.4199,325.08,2410.1201,75.79
2021-05-01,131.82,506.7133,3440.4433,324.2467,2405.1367,76.3033
2021-05-02,132.18,505.0867,3413.4666,323.4133,2400.1533,76.8167
2021-05-03,132.54,503.46,3386.49,322.58,2395.1699,77.33
2021-05-04,127.85,490.7,3311.8701,318.36,2354.25,78.53
2021-05-05,128.1,486.69,3270.54,315.02,2356.74,79.19
2021-05-06,129.74,483.61,3306.3701,320.02,2381.3501,79.74
2021-05-07,130.21,488.73,3291.6101,319.08,2398.6899,80.4
2021-05-08,129.09,485.6133,3257.9034,314.71,2379.6799,80.3167
2021-05-09,127.97,482.4967,3224.1967,310.34,2360.6699,80.2333
2021-05-10,126.85,479.38,3190.49,305.97,2341.6599,80.15
2021-05-11,125.91,485.19,3223.9099,306.53,2308.76,77.69
2021-05-12,122.77,472.09,3151.9399,302.55,2239.0801,76.75
2021-05-13,124.97,474.16,3161.47,305.26,2261.97,78.14
2021-05-14,127.45,486.56,3222.8999,315.94,2316.1599,78.89
2021-05-15,127.0567,485.2867,3238.7299,315.78,2317.9099,78.9533
2021-05-16,126.6633,484.0133,3254.5599,315.62,2319.6599,79.0167
2021-05-17,126.27,482.74,3270.3899,315.46,2321.4099,79.08
2021-05-18,124.85,480.62,3232.28,309.96,2303.4299,78.69
2021-05-19,124.69,480.47,3231.8,313.59,2308.71,78.74
2021-05-20,127.31,491.67,3247.6799,318.61,2356.0901,78.72
2021-05-21,125.43,488.07,3203.0801,316.23,2345.1001,79.03
2021-05-22,125.9867,491.3233,3217.05,319.03,2365.6234,79.1467
2021-05-23,126.5433,494.5767,3231.02,321.83,2386.1466,79.2633
2021-05-24,127.1,497.83,3244.99,324.63,2406.6699,79.38
2021-05-25,126.9,505.08,3259.05,327.79,2409.0701,78.83
2021-05-26,126.85,506.98,3265.1599,327.66,2433.53,79.26
2021-05-27,125.28,498.28,3230.1101,332.75,2402.51,78.98
2021-05-28,124.61,504.58,3223.0701,328.73,2411.5601,78.74
2021-05-29,124.5275,502.4125,3221.965,328.83,2416.1226,78.9475
2021-05-30,124.445,500.245,3220.86,328.93,2420.6851,79.155
2021-05-31,124.3625,498.0775,3219.7549,329.03,2425.2476,79.3625
2021-06-01,124.28,495.91,3218.6499,329.13,2429.8101,79.57
2021-06-02,125.06,495.77,3233.99,329.15,2421.28,80.27
2021-06-03,123.54,493.14,3187.01,326.04,2404.6101,81.09
