Date,Daily cases,Total positives,Total positives variation,Total intensive care,Total hospitalized,Total deaths,Tests,Daily intensive care,Daily hospitalized,Daily deaths,Daily tests
2020-02-25,93,311,90,35,150,10,8623,9.0,23.0,3.0,4299.0
2020-02-26,78,385,74,36,164,12,9587,1.0,14.0,2.0,964.0
2020-02-27,250,588,203,56,304,17,12014,20.0,140.0,5.0,2427.0
2020-02-28,238,821,233,64,409,21,15695,8.0,105.0,4.0,3681.0
2020-02-29,240,1049,228,105,506,29,18661,41.0,97.0,8.0,2966.0
2020-03-01,566,1577,528,140,779,34,21127,35.0,273.0,5.0,2466.0
2020-03-02,342,1835,258,166,908,52,23345,26.0,129.0,18.0,2218.0
2020-03-03,466,2263,428,229,1263,79,25856,63.0,355.0,27.0,2511.0
2020-03-04,587,2706,443,295,1641,107,29837,66.0,378.0,28.0,3981.0
2020-03-05,769,3296,590,351,2141,148,32362,56.0,500.0,41.0,2525.0
2020-03-06,778,3916,620,462,2856,197,36359,111.0,715.0,49.0,3997.0
2020-03-07,1247,5061,1145,567,3218,233,42062,105.0,362.0,36.0,5703.0
2020-03-08,1492,6387,1326,650,4207,366,49937,83.0,989.0,133.0,7875.0
2020-03-09,1797,7985,1598,733,5049,463,53826,83.0,842.0,97.0,3889.0
2020-03-10,977,8514,529,877,5915,631,60761,144.0,866.0,168.0,6935.0
2020-03-11,2313,10590,2076,1028,6866,827,73154,151.0,951.0,196.0,12393.0
2020-03-12,2651,12839,2249,1153,7803,1016,86011,125.0,937.0,189.0,12857.0
2020-03-13,2547,14955,2116,1328,8754,1266,97488,175.0,951.0,250.0,11477.0
2020-03-14,3497,17750,2795,1518,9890,1441,109170,190.0,1136.0,175.0,11682.0
2020-03-15,3590,20603,2853,1672,11335,1809,124899,154.0,1445.0,368.0,15729.0
2020-03-16,3233,23073,2470,1851,12876,2158,137962,179.0,1541.0,349.0,13063.0
2020-03-17,3526,26062,2989,2060,14954,2503,148657,209.0,2078.0,345.0,10695.0
2020-03-18,4207,28710,2648,2257,16620,2978,165541,197.0,1666.0,475.0,16884.0
2020-03-19,5322,33190,4480,2498,18255,3405,182777,241.0,1635.0,427.0,17236.0
2020-03-20,5986,37860,4670,2655,18675,4032,206886,157.0,420.0,627.0,24109.0
2020-03-21,6557,42681,4821,2857,20565,4825,233222,202.0,1890.0,793.0,26336.0
2020-03-22,5560,46638,3957,3009,22855,5476,258402,152.0,2290.0,651.0,25180.0
2020-03-23,4789,50418,3780,3204,23896,6077,275468,195.0,1041.0,601.0,17066.0
2020-03-24,5249,54030,3612,3396,25333,6820,296964,192.0,1437.0,743.0,21496.0
2020-03-25,5210,57521,3491,3489,26601,7503,324445,93.0,1268.0,683.0,27481.0
2020-03-26,6153,62013,4492,3612,28365,8165,361060,123.0,1764.0,662.0,36615.0
2020-03-27,5959,66414,4401,3732,29761,9134,394079,120.0,1396.0,969.0,33019.0
2020-03-28,5974,70065,3651,3856,30532,10023,429526,124.0,771.0,889.0,35447.0
2020-03-29,5217,73880,3815,3906,31292,10779,454030,50.0,760.0,756.0,24504.0
2020-03-30,4050,75528,1648,3981,31776,11591,477359,75.0,484.0,812.0,23329.0
2020-03-31,4053,77635,2107,4023,32215,12428,506968,42.0,439.0,837.0,29609.0
2020-04-01,4782,80572,2937,4035,32438,13155,541423,12.0,223.0,727.0,34455.0
2020-04-02,4668,83049,2477,4053,32593,13915,581232,18.0,155.0,760.0,39809.0
2020-04-03,4585,85388,2339,4068,32809,14681,619849,15.0,216.0,766.0,38617.0
2020-04-04,4805,88274,2886,3994,33004,15362,657224,-74.0,195.0,681.0,37375.0
2020-04-05,4316,91246,2972,3977,32926,15887,691461,-17.0,-78.0,525.0,34237.0
2020-04-06,3599,93187,1941,3898,32874,16523,721732,-79.0,-52.0,636.0,30271.0
2020-04-07,3039,94067,880,3792,32510,17127,755445,-106.0,-364.0,604.0,33713.0
2020-04-08,3836,95262,1195,3693,32178,17669,807125,-99.0,-332.0,542.0,51680.0
2020-04-09,4204,96877,1615,3605,32004,18279,853369,-88.0,-174.0,610.0,46244.0
2020-04-10,3951,98273,1396,3497,31739,18849,906864,-108.0,-265.0,570.0,53495.0
2020-04-11,4694,100269,1996,3381,31525,19468,963473,-116.0,-214.0,619.0,56609.0
2020-04-12,4092,102253,1984,3343,31190,19899,1010193,-38.0,-335.0,431.0,46720.0
2020-04-13,3153,103616,1363,3260,31283,20465,1046910,-83.0,93.0,566.0,36717.0
2020-04-14,2972,104291,675,3186,31197,21067,1073689,-74.0,-86.0,602.0,26779.0
2020-04-15,2667,105418,1127,3079,30722,21645,1117404,-107.0,-475.0,578.0,43715.0
2020-04-16,3786,106607,1189,2936,29829,22170,1178403,-143.0,-893.0,525.0,60999.0
2020-04-17,3493,106962,355,2812,28598,22745,1244108,-124.0,-1231.0,575.0,65705.0
2020-04-18,3491,107771,809,2733,27740,23227,1305833,-79.0,-858.0,482.0,61725.0
2020-04-19,3047,108257,486,2635,27668,23660,1356541,-98.0,-72.0,433.0,50708.0
2020-04-20,2256,108237,-20,2573,27479,24114,1398024,-62.0,-189.0,454.0,41483.0
2020-04-21,2729,107709,-528,2471,26605,24648,1450150,-102.0,-874.0,534.0,52126.0
2020-04-22,3370,107699,-10,2384,26189,25085,1513251,-87.0,-416.0,437.0,63101.0
2020-04-23,2646,106848,-851,2267,25138,25549,1579909,-117.0,-1051.0,464.0,66658.0
2020-04-24,3021,106527,-321,2173,24241,25969,1642356,-94.0,-897.0,420.0,62447.0
2020-04-25,2357,105847,-680,2102,23635,26384,1707743,-71.0,-606.0,415.0,65387.0
2020-04-26,2324,106103,256,2009,23381,26644,1757659,-93.0,-254.0,260.0,49916.0
2020-04-27,1739,105813,-290,1956,22309,26977,1789662,-53.0,-1072.0,333.0,32003.0
2020-04-28,2091,105205,-608,1863,21586,27359,1846934,-93.0,-723.0,382.0,57272.0
2020-04-29,2086,104657,-548,1795,21005,27682,1910761,-68.0,-581.0,323.0,63827.0
2020-04-30,1872,101551,-3106,1694,19843,27967,1979217,-101.0,-1162.0,285.0,68456.0
2020-05-01,1965,100943,-608,1578,19147,28236,2053425,-116.0,-696.0,269.0,74208.0
2020-05-02,1900,100704,-239,1539,18896,28710,2108837,-39.0,-251.0,474.0,55412.0
2020-05-03,1389,100179,-525,1501,18743,28884,2153772,-38.0,-153.0,174.0,44935.0
2020-05-04,1221,99980,-199,1479,18302,29079,2191403,-22.0,-441.0,195.0,37631.0
2020-05-05,1075,98467,-1513,1427,17697,29315,2246666,-52.0,-605.0,236.0,55263.0
2020-05-06,1444,91528,-6939,1333,17102,29684,2310929,-94.0,-595.0,369.0,64263.0
2020-05-07,1401,89624,-1904,1311,16485,29958,2381288,-22.0,-617.0,274.0,70359.0
2020-05-08,1327,87961,-1663,1168,15804,30201,2445063,-143.0,-681.0,243.0,63775.0
2020-05-09,1083,84842,-3119,1034,14868,30395,2514234,-134.0,-936.0,194.0,69171.0
2020-05-10,802,83324,-1518,1027,14645,30560,2565912,-7.0,-223.0,165.0,51678.0
2020-05-11,744,82488,-836,999,14538,30739,2606652,-28.0,-107.0,179.0,40740.0
2020-05-12,1402,81266,-1222,952,13817,30911,2673655,-47.0,-721.0,172.0,67003.0
2020-05-13,888,78457,-2809,893,13065,31106,2735628,-59.0,-752.0,195.0,61973.0
2020-05-14,992,76440,-2017,855,12308,31368,2807504,-38.0,-757.0,262.0,71876.0
2020-05-15,789,72070,-4370,808,11600,31610,2875680,-47.0,-708.0,242.0,68176.0
2020-05-16,875,70187,-1883,775,11175,31763,2944859,-33.0,-425.0,153.0,69179.0
2020-05-17,675,68351,-1836,762,11073,31908,3004960,-13.0,-102.0,145.0,60101.0
2020-05-18,451,66553,-1798,749,10956,32007,3041366,-13.0,-117.0,99.0,36406.0
2020-05-19,813,65129,-1424,716,10707,32169,3104524,-33.0,-249.0,162.0,63158.0
2020-05-20,665,62752,-2377,676,10300,32330,3171719,-40.0,-407.0,161.0,67195.0
2020-05-21,642,60960,-1792,640,9909,32486,3243398,-36.0,-391.0,156.0,71679.0
2020-05-22,652,59322,-1638,595,9552,32616,3318778,-45.0,-357.0,130.0,75380.0
2020-05-23,669,57752,-1570,572,9267,32735,3391188,-23.0,-285.0,119.0,72410.0
2020-05-24,531,56594,-1158,553,9166,32785,3447012,-19.0,-101.0,50.0,55824.0
2020-05-25,300,55300,-1294,541,8726,32877,3482253,-12.0,-440.0,92.0,35241.0
2020-05-26,397,52942,-2358,521,8438,32955,3539927,-20.0,-288.0,78.0,57674.0
2020-05-27,584,50966,-1976,505,8234,33072,3607251,-16.0,-204.0,117.0,67324.0
2020-05-28,593,47986,-2980,489,7868,33142,3683144,-16.0,-366.0,70.0,75893.0
2020-05-29,516,46175,-1811,475,7569,33229,3755279,-14.0,-299.0,87.0,72135.0
2020-05-30,416,43691,-2484,450,7130,33340,3824621,-25.0,-439.0,111.0,69342.0
2020-05-31,355,42097,-1594,435,6822,33415,3878739,-15.0,-308.0,75.0,54118.0
2020-06-01,178,41367,-730,424,6523,33475,3910133,-11.0,-299.0,60.0,31394.0
2020-06-02,318,39893,-1474,408,6324,33530,3962292,-16.0,-199.0,55.0,52159.0
2020-06-03,321,39297,-596,353,6095,33601,3999591,-55.0,-229.0,71.0,37299.0
2020-06-04,177,38429,-868,338,5841,33689,4049544,-15.0,-254.0,88.0,49953.0
2020-06-05,518,36976,-1453,316,5617,33774,4114572,-22.0,-224.0,85.0,65028.0
2020-06-06,270,35877,-1099,293,5295,33846,4187057,-23.0,-322.0,72.0,72485.0
2020-06-07,197,35262,-615,287,5151,33899,4236535,-6.0,-144.0,53.0,49478.0
2020-06-08,280,34730,-532,283,5012,33964,4263647,-4.0,-139.0,65.0,27112.0
2020-06-09,283,32872,-1858,263,4844,34043,4318650,-20.0,-168.0,79.0,55003.0
2020-06-10,202,31710,-1162,249,4569,34114,4381349,-14.0,-275.0,71.0,62699.0
2020-06-11,379,30637,-1073,236,4367,34167,4443821,-13.0,-202.0,53.0,62472.0
2020-06-12,163,28997,-1640,227,4120,34223,4514441,-9.0,-247.0,56.0,70620.0
2020-06-13,346,27485,-1512,220,3967,34301,4564191,-7.0,-153.0,78.0,49750.0
2020-06-14,338,26274,-1211,209,3803,34345,4620718,-11.0,-164.0,44.0,56527.0
2020-06-15,303,25909,-365,207,3696,34371,4648825,-2.0,-107.0,26.0,28107.0
2020-06-16,210,24569,-1340,177,3478,34405,4695707,-30.0,-218.0,34.0,46882.0
2020-06-17,329,23925,-644,163,3276,34448,4773408,-14.0,-202.0,43.0,77701.0
2020-06-18,333,23101,-824,168,3035,34514,4831562,5.0,-241.0,66.0,58154.0
2020-06-19,251,21543,-1558,161,2793,34561,4889103,-7.0,-242.0,47.0,57541.0
2020-06-20,262,21212,-331,152,2626,34610,4943825,-9.0,-167.0,49.0,54722.0
2020-06-21,224,20972,-240,148,2462,34634,4984370,-4.0,-164.0,24.0,40545.0
2020-06-22,218,20637,-335,127,2165,34657,5013342,-21.0,-297.0,23.0,28972.0
2020-06-23,122,19573,-1064,115,1968,34675,5053827,-12.0,-197.0,18.0,40485.0
2020-06-24,190,18655,-918,107,1717,34644,5107093,-8.0,-251.0,-31.0,53266.0
2020-06-25,296,18303,-352,103,1618,34678,5163154,-4.0,-99.0,34.0,56061.0
2020-06-26,259,17638,-665,105,1461,34708,5215922,2.0,-157.0,30.0,52768.0
2020-06-27,175,16836,-802,97,1357,34716,5277273,-8.0,-104.0,8.0,61351.0
2020-06-28,174,16681,-155,98,1258,34738,5314619,1.0,-99.0,22.0,37346.0
2020-06-29,126,16496,-185,96,1216,34744,5341837,-2.0,-42.0,6.0,27218.0
2020-06-30,142,15563,-933,93,1183,34767,5390110,-3.0,-33.0,23.0,48273.0
2020-07-01,187,15255,-308,87,1112,34788,5445476,-6.0,-71.0,21.0,55366.0
2020-07-02,201,15060,-195,82,1045,34818,5498719,-5.0,-67.0,30.0,53243.0
2020-07-03,223,14884,-176,79,1035,34833,5548815,-3.0,-10.0,15.0,50096.0
2020-07-04,235,14621,-263,71,1011,34854,5600826,-8.0,-24.0,21.0,52011.0
2020-07-05,192,14642,21,74,1019,34861,5638288,3.0,8.0,7.0,37462.0
2020-07-06,208,14709,67,72,1018,34869,5660454,-2.0,-1.0,8.0,22166.0
2020-07-07,138,14242,-467,70,1010,34899,5703673,-2.0,-8.0,30.0,43219.0
2020-07-08,193,13595,-647,71,970,34914,5754116,1.0,-40.0,15.0,50443.0
2020-07-09,229,13459,-136,69,940,34926,5806668,-2.0,-30.0,12.0,52552.0
2020-07-10,276,13428,-31,65,909,34938,5854621,-4.0,-31.0,12.0,47953.0
2020-07-11,188,13303,-125,67,893,34945,5900552,2.0,-16.0,7.0,45931.0
2020-07-12,234,13179,-124,68,844,34954,5938811,1.0,-49.0,9.0,38259.0
2020-07-13,169,13157,-22,65,833,34967,5962744,-3.0,-11.0,13.0,23933.0
2020-07-14,114,12919,-238,60,837,34984,6004611,-5.0,4.0,17.0,41867.0
2020-07-15,163,12493,-426,57,854,34997,6053060,-3.0,17.0,13.0,48449.0
2020-07-16,230,12473,-20,53,803,35017,6103492,-4.0,-51.0,20.0,50432.0
2020-07-17,233,12456,-17,50,821,35028,6154259,-3.0,18.0,11.0,50767.0
2020-07-18,249,12368,-88,50,807,35042,6202524,0.0,-14.0,14.0,48265.0
2020-07-19,219,12440,72,49,792,35045,6238049,-1.0,-15.0,3.0,35525.0
2020-07-20,190,12404,-36,47,792,35058,6262302,-2.0,0.0,13.0,24253.0
2020-07-21,129,12248,-156,49,781,35073,6305412,2.0,-11.0,15.0,43110.0
2020-07-22,282,12322,74,48,772,35082,6354730,-1.0,-9.0,9.0,49318.0
2020-07-23,306,12404,82,49,762,35092,6415041,1.0,-10.0,10.0,60311.0
2020-07-24,252,12301,-103,46,759,35097,6468375,-3.0,-3.0,5.0,53334.0
2020-07-25,275,12442,141,41,772,35102,6520046,-5.0,13.0,5.0,51671.0
2020-07-26,255,12565,123,44,779,35107,6560572,3.0,7.0,5.0,40526.0
2020-07-27,170,12581,16,45,785,35112,6586123,1.0,6.0,5.0,25551.0
2020-07-28,212,12609,28,40,789,35123,6634293,-5.0,4.0,11.0,48170.0
2020-07-29,289,12616,7,38,769,35129,6690311,-2.0,-20.0,6.0,56018.0
2020-07-30,386,12230,-386,47,795,35132,6752169,9.0,26.0,3.0,61858.0
2020-07-31,379,12422,192,41,757,35141,6813113,-6.0,-38.0,9.0,60944.0
2020-08-01,295,12457,35,43,748,35146,6873496,2.0,-9.0,5.0,60383.0
2020-08-02,239,12456,-1,42,750,35154,6916765,-1.0,2.0,8.0,43269.0
2020-08-03,159,12474,18,41,775,35166,6940801,-1.0,25.0,12.0,24036.0
2020-08-04,190,12482,8,41,802,35171,6984589,0.0,27.0,5.0,43788.0
2020-08-05,384,12646,164,41,805,35181,7041040,0.0,3.0,10.0,56451.0
2020-08-06,402,12694,48,42,804,35187,7099713,1.0,-1.0,6.0,58673.0
2020-08-07,552,12924,230,42,821,35190,7158909,0.0,17.0,3.0,59196.0
2020-08-08,347,12953,29,43,814,35203,7212207,1.0,-7.0,13.0,53298.0
2020-08-09,463,13263,310,45,808,35205,7249844,2.0,-6.0,2.0,37637.0
2020-08-10,259,13368,105,46,825,35209,7276276,1.0,17.0,4.0,26432.0
2020-08-11,412,13561,193,49,850,35215,7316918,3.0,25.0,6.0,40642.0
2020-08-12,481,13791,230,53,832,35225,7369576,4.0,-18.0,10.0,52658.0
2020-08-13,523,14081,290,55,841,35231,7420764,2.0,9.0,6.0,51188.0
2020-08-14,574,14249,168,56,827,35234,7467487,1.0,-14.0,3.0,46723.0
2020-08-15,629,14406,157,55,819,35392,7520610,-1.0,-8.0,158.0,53123.0
2020-08-16,479,14733,327,56,843,35396,7557417,1.0,24.0,4.0,36807.0
2020-08-17,320,14867,134,58,868,35400,7588083,2.0,25.0,4.0,30666.0
2020-08-18,403,15089,222,58,901,35405,7642059,0.0,33.0,5.0,53976.0
2020-08-19,642,15360,271,66,932,35412,7713154,8.0,31.0,7.0,71095.0
2020-08-20,845,16014,654,68,951,35418,7790596,2.0,19.0,6.0,77442.0
2020-08-21,947,16678,664,69,988,35427,7862592,1.0,37.0,9.0,71996.0
2020-08-22,1071,17503,825,64,988,35430,7940266,-5.0,0.0,3.0,77674.0
2020-08-23,1210,18438,935,69,1040,35437,8007637,5.0,52.0,7.0,67371.0
2020-08-24,953,19195,757,65,1110,35441,8053551,-4.0,70.0,4.0,45914.0
2020-08-25,878,19714,519,66,1124,35445,8125892,1.0,14.0,4.0,72341.0
2020-08-26,1367,20753,1039,69,1124,35458,8219421,3.0,0.0,13.0,93529.0
2020-08-27,1411,21932,1179,67,1198,35463,8313445,-2.0,74.0,5.0,94024.0
2020-08-28,1462,23035,1103,74,1252,35472,8410510,7.0,54.0,9.0,97065.0
2020-08-29,1444,24156,1121,79,1247,35473,8509618,5.0,-5.0,1.0,99108.0
2020-08-30,1365,25205,1049,86,1337,35477,8586341,7.0,90.0,4.0,76723.0
2020-08-31,996,26078,873,94,1382,35483,8644859,8.0,45.0,6.0,58518.0
2020-09-01,978,26754,676,107,1487,35491,8725909,13.0,105.0,8.0,81050.0
2020-09-02,1326,27817,1063,109,1546,35497,8828868,2.0,59.0,6.0,102959.0
2020-09-03,1397,28915,1098,120,1625,35507,8921658,11.0,79.0,10.0,92790.0
2020-09-04,1733,30099,1184,121,1728,35518,9034743,1.0,103.0,11.0,113085.0
2020-09-05,1694,31194,1095,121,1741,35533,9142401,0.0,13.0,15.0,107658.0
2020-09-06,1297,32078,884,133,1816,35541,9219257,12.0,75.0,8.0,76856.0
2020-09-07,1108,32993,915,142,1861,35553,9271810,9.0,45.0,12.0,52553.0
2020-09-08,1370,33789,796,143,1903,35563,9364213,1.0,42.0,10.0,92403.0
2020-09-09,1434,34734,945,150,1928,35577,9460203,7.0,25.0,14.0,95990.0
2020-09-10,1597,35708,974,164,2000,35587,9554389,14.0,72.0,10.0,94186.0
2020-09-11,1616,36767,1059,175,2024,35597,9653269,11.0,24.0,10.0,98880.0
2020-09-12,1501,37503,736,182,2133,35603,9745975,7.0,109.0,6.0,92706.0
2020-09-13,1458,38509,1006,187,2229,35610,9818118,5.0,96.0,7.0,72143.0
2020-09-14,1008,39187,678,197,2319,35624,9863427,10.0,90.0,14.0,45309.0
2020-09-15,1229,39712,525,201,2423,35633,9943944,4.0,104.0,9.0,80517.0
2020-09-16,1452,40532,820,207,2492,35645,10044551,6.0,69.0,12.0,100607.0
2020-09-17,1585,41413,881,212,2560,35658,10146324,5.0,68.0,13.0,101773.0
2020-09-18,1907,42457,1044,208,2595,35668,10246163,-4.0,35.0,10.0,99839.0
2020-09-19,1638,43161,704,215,2595,35692,10349386,7.0,0.0,24.0,103223.0
2020-09-20,1587,44098,937,222,2587,35707,10432814,7.0,-8.0,15.0,83428.0
2020-09-21,1350,45079,981,232,2707,35724,10488676,10.0,120.0,17.0,55862.0
2020-09-22,1392,45489,410,239,2843,35738,10575979,7.0,136.0,14.0,87303.0
2020-09-23,1640,46114,625,244,2902,35758,10679675,5.0,59.0,20.0,103696.0
2020-09-24,1786,46780,666,246,2977,35781,10787694,2.0,75.0,23.0,108019.0
2020-09-25,1912,47718,938,244,2981,35801,10894963,-2.0,4.0,20.0,107269.0
2020-09-26,1869,48593,875,247,2993,35818,10999350,3.0,12.0,17.0,104387.0
2020-09-27,1766,49618,1025,254,3100,35835,11087064,7.0,107.0,17.0,87714.0
2020-09-28,1494,50323,705,264,3241,35851,11138173,10.0,141.0,16.0,51109.0
2020-09-29,1648,50630,307,271,3319,35875,11228358,7.0,78.0,24.0,90185.0
2020-09-30,1851,51263,633,280,3327,35894,11333922,9.0,8.0,19.0,105564.0
2020-10-01,2548,52647,1384,291,3388,35918,11452158,11.0,61.0,24.0,118236.0
2020-10-02,2499,53997,1350,294,3436,35941,11572459,3.0,48.0,23.0,120301.0
2020-10-03,2844,55566,1569,297,3502,35968,11691391,3.0,66.0,27.0,118932.0
2020-10-04,2578,57429,1863,303,3590,35986,11784105,6.0,88.0,18.0,92714.0
2020-10-05,2257,58903,1474,323,3810,36002,11844346,20.0,220.0,16.0,60241.0
2020-10-06,2677,60134,1231,319,3944,36030,11944088,-4.0,134.0,28.0,99742.0
2020-10-07,3678,62576,2442,337,4119,36061,12069402,18.0,175.0,31.0,125314.0
2020-10-08,4458,65952,3376,358,4283,36083,12197500,21.0,164.0,22.0,128098.0
2020-10-09,5372,70110,4158,387,4473,36111,12326971,29.0,190.0,28.0,129471.0
2020-10-10,5724,74829,4719,390,4726,36140,12460055,3.0,253.0,29.0,133084.0
2020-10-11,5456,79075,4246,420,4939,36166,12564713,30.0,213.0,26.0,104658.0
2020-10-12,4619,82764,3689,452,5273,36205,12650155,32.0,334.0,39.0,85442.0
2020-10-13,5901,87193,4429,514,5590,36246,12762699,62.0,317.0,41.0,112544.0
2020-10-14,7332,92445,5252,539,6009,36289,12914895,25.0,419.0,43.0,152196.0
2020-10-15,8804,99266,6821,586,6382,36372,13077827,47.0,373.0,83.0,162932.0
2020-10-16,10010,107312,8046,638,6816,36427,13228204,52.0,434.0,55.0,150377.0
2020-10-17,10925,116935,9623,705,7322,36474,13394041,67.0,506.0,47.0,165837.0
2020-10-18,11705,126237,9302,750,7881,36543,13540582,45.0,559.0,69.0,146541.0
2020-10-19,9338,134003,7766,797,8473,36616,13639444,47.0,592.0,73.0,98862.0
2020-10-20,10874,142739,8736,870,9324,36705,13784181,73.0,851.0,89.0,144737.0
2020-10-21,15199,155442,12703,926,9983,36832,13962029,56.0,659.0,127.0,177848.0
2020-10-22,16079,169302,13860,992,10686,36968,14132421,66.0,703.0,136.0,170392.0
2020-10-23,19143,186002,16700,1049,11598,37059,14314453,57.0,912.0,91.0,182032.0
2020-10-24,19644,203182,17180,1128,12415,37210,14492122,79.0,817.0,151.0,177669.0
2020-10-25,21273,222241,19059,1208,13214,37338,14654002,80.0,799.0,128.0,161880.0
2020-10-26,17012,236684,14443,1284,14281,37479,14778688,76.0,1067.0,141.0,124686.0
2020-10-27,21994,255090,18406,1411,15366,37700,14953086,127.0,1085.0,221.0,174398.0
2020-10-28,24991,276457,21367,1536,16517,37905,15152038,125.0,1151.0,205.0,198952.0
2020-10-29,26831,299191,22734,1651,17615,38122,15353490,115.0,1098.0,217.0,201452.0
2020-10-30,31084,325786,26595,1746,18740,38321,15568575,95.0,1125.0,199.0,215085.0
2020-10-31,31758,351386,25600,1843,19809,38618,15784461,97.0,1069.0,297.0,215886.0
2020-11-01,29907,378129,26743,1939,20841,38826,15967918,96.0,1032.0,208.0,183457.0
2020-11-02,22253,396512,18383,2022,21862,39059,16103649,83.0,1021.0,233.0,135731.0
2020-11-03,28244,418142,21630,2225,23339,39412,16285936,203.0,1477.0,353.0,182287.0
2020-11-04,30550,443235,25093,2292,24408,39747,16497767,67.0,1069.0,335.0,211831.0
2020-11-05,34505,472348,29113,2391,25647,40192,16717651,99.0,1239.0,445.0,219884.0
2020-11-06,37809,499118,26770,2515,26520,40638,16951896,124.0,873.0,446.0,234245.0
2020-11-07,39811,532536,33418,2634,27743,41063,17183569,119.0,1223.0,425.0,231673.0
2020-11-08,32616,558636,26100,2749,29189,41394,17374713,115.0,1446.0,331.0,191144.0
2020-11-09,25271,573334,14698,2849,30485,41750,17522438,100.0,1296.0,356.0,147725.0
2020-11-10,35098,590110,16776,2971,31604,42330,17740196,122.0,1119.0,580.0,217758.0
2020-11-11,32961,613358,23248,3081,32525,42953,17965836,110.0,921.0,623.0,225640.0
2020-11-12,37978,635054,21696,3170,33043,43589,18200508,89.0,518.0,636.0,234672.0
2020-11-13,40902,663926,28872,3230,34144,44139,18455416,60.0,1101.0,550.0,254908.0
2020-11-14,37255,688435,24509,3306,34704,44683,18683111,76.0,560.0,544.0,227695.0
2020-11-15,33979,712490,24055,3422,35469,45229,18878386,116.0,765.0,546.0,195275.0
2020-11-16,27354,717784,5294,3492,36028,45733,19031049,70.0,559.0,504.0,152663.0
2020-11-17,32191,733810,16026,3612,36686,46464,19239507,120.0,658.0,731.0,208458.0
2020-11-18,34282,743168,9358,3670,37174,47217,19474341,58.0,488.0,753.0,234834.0
2020-11-19,36176,761671,18503,3712,37322,47870,19724527,42.0,148.0,653.0,250186.0
2020-11-20,37242,777176,15505,3748,37705,48569,19962604,36.0,383.0,699.0,238077.0
2020-11-21,34767,791746,14570,3758,37821,49261,20199829,10.0,116.0,692.0,237225.0
2020-11-22,28337,805947,14201,3801,38080,49823,20388576,43.0,259.0,562.0,188747.0
2020-11-23,22930,796849,-9098,3810,38507,50453,20537521,9.0,427.0,630.0,148945.0
2020-11-24,23232,798386,1537,3816,38393,51306,20726180,6.0,-114.0,853.0,188659.0
2020-11-25,25853,791697,-6689,3848,38161,52028,20956187,32.0,-232.0,722.0,230007.0
2020-11-26,29003,795845,4148,3846,37884,52850,21188898,-2.0,-277.0,822.0,232711.0
2020-11-27,28352,787893,-7952,3782,37466,53677,21411701,-64.0,-418.0,827.0,222803.0
2020-11-28,26323,789308,1415,3762,37061,54363,21637641,-20.0,-405.0,686.0,225940.0
2020-11-29,20648,795771,6463,3753,36632,54904,21814575,-9.0,-429.0,541.0,176934.0
2020-11-30,16377,788471,-7300,3744,36931,55576,21945099,-9.0,299.0,672.0,130524.0
2020-12-01,19350,779945,-8526,3663,36474,56361,22127199,-81.0,-457.0,785.0,182100.0
2020-12-02,20709,761230,-18715,3616,36070,57045,22334342,-47.0,-404.0,684.0,207143.0
2020-12-03,23225,759982,-1248,3597,35369,58038,22554389,-19.0,-701.0,993.0,220047.0
2020-12-04,24099,757702,-2280,3567,34767,58852,22767130,-30.0,-602.0,814.0,212741.0
2020-12-05,21052,754169,-3533,3517,33675,59514,22962114,-50.0,-1092.0,662.0,194984.0
2020-12-06,18887,755306,1137,3454,33845,60078,23125664,-63.0,170.0,564.0,163550.0
2020-12-07,13720,748819,-6487,3382,33906,60606,23236881,-72.0,61.0,528.0,111217.0
2020-12-08,14842,737525,-11294,3345,33426,61240,23386113,-37.0,-480.0,634.0,149232.0
2020-12-09,12756,710515,-27010,3320,32973,61739,23504588,-25.0,-453.0,499.0,118475.0
2020-12-10,16999,696527,-13988,3291,32379,62626,23676174,-29.0,-594.0,887.0,171586.0
2020-12-11,18727,690323,-6204,3265,31827,63387,23866590,-26.0,-552.0,761.0,190416.0
2020-12-12,19903,684848,-5475,3199,31265,64036,24063029,-66.0,-562.0,649.0,196439.0
2020-12-13,17938,686031,1183,3158,30893,64520,24215726,-41.0,-372.0,484.0,152697.0
2020-12-14,12030,675109,-10922,3095,30860,65011,24319310,-63.0,-33.0,491.0,103584.0
2020-12-15,14844,663313,-11796,3003,30345,65857,24483741,-92.0,-515.0,846.0,164431.0
2020-12-16,17572,645706,-17607,2926,29823,66537,24683230,-77.0,-522.0,680.0,199489.0
2020-12-17,18236,635343,-10363,2855,29282,67220,24635720,-71.0,-541.0,683.0,-47510.0
2020-12-18,17992,627798,-7545,2819,28588,67894,24815520,-36.0,-694.0,674.0,179800.0
2020-12-19,16308,620166,-7632,2784,28148,68447,24991705,-35.0,-440.0,553.0,176185.0
2020-12-20,15104,622760,2594,2743,27901,68799,25129125,-41.0,-247.0,352.0,137420.0
2020-12-21,10872,613582,-9178,2731,27876,69214,25217014,-12.0,-25.0,415.0,87889.0
2020-12-22,13318,605955,-7627,2687,27635,69842,25374719,-44.0,-241.0,628.0,157705.0
2020-12-23,14522,598816,-7139,2624,27170,70395,25558583,-63.0,-465.0,553.0,183864.0
2020-12-24,18040,593632,-5184,2589,26659,70900,25752360,-35.0,-511.0,505.0,193777.0
2020-12-25,19037,579886,-13746,2584,25986,71359,25904694,-5.0,-673.0,459.0,152334.0
2020-12-26,10431,580943,1057,2580,25892,71627,25986258,-4.0,-94.0,268.0,81564.0
2020-12-27,8913,581760,817,2580,26151,71925,26046137,0.0,259.0,298.0,59879.0
2020-12-28,8585,575221,-6539,2565,26497,72370,26114818,-15.0,346.0,445.0,68681.0
2020-12-29,11224,568728,-6493,2549,26211,73029,26243558,-16.0,-286.0,659.0,128740.0
2020-12-30,16202,564395,-4333,2528,26094,73604,26412603,-21.0,-117.0,575.0,169045.0
2020-12-31,23477,569896,5501,2555,25706,74159,26598607,27.0,-388.0,555.0,186004.0
2021-01-01,22211,574767,4871,2553,25375,74621,26756131,-2.0,-331.0,462.0,157524.0
2021-01-02,11831,577062,2295,2569,25517,74985,26823305,16.0,142.0,364.0,67174.0
2021-01-03,14245,576214,-848,2583,25658,75332,26926279,14.0,141.0,347.0,102974.0
2021-01-04,10800,570458,-5756,2579,25896,75680,27004272,-4.0,238.0,348.0,77993.0
2021-01-05,15378,569161,-1297,2569,25964,76329,27139378,-10.0,68.0,649.0,135106.0
2021-01-06,20331,568712,-449,2571,25745,76877,27317974,2.0,-219.0,548.0,178596.0
2021-01-07,18020,571055,2343,2587,25878,77291,27439249,16.0,133.0,414.0,121275.0
2021-01-08,17533,570389,-666,2587,25900,77911,27579516,0.0,22.0,620.0,140267.0
2021-01-09,19978,572842,2453,2593,25853,78394,27751635,6.0,-47.0,483.0,172119.0
2021-01-10,18627,579932,7090,2615,26042,78755,27891393,22.0,189.0,361.0,139758.0
2021-01-11,12532,575979,-3953,2642,26245,79203,27983049,27.0,203.0,448.0,91656.0
2021-01-12,14242,570040,-5939,2636,26348,79819,28124690,-6.0,103.0,616.0,141641.0
2021-01-13,15774,564774,-5266,2579,26104,80326,28300119,-57.0,-244.0,507.0,175429.0
2021-01-14,17246,561380,-3394,2557,25667,80848,28460704,-22.0,-437.0,522.0,160585.0
2021-01-15,16146,558068,-3312,2522,25363,81325,28734210,-35.0,-304.0,477.0,273506.0
2021-01-16,16310,557717,-351,2520,25304,81800,28995614,-2.0,-59.0,475.0,261404.0
2021-01-17,12545,553374,-4343,2503,25260,82177,29206692,-17.0,-44.0,377.0,211078.0
2021-01-18,8825,547059,-6315,2544,25428,82554,29365366,41.0,168.0,377.0,158674.0
2021-01-19,10497,535524,-11535,2487,25186,83157,29619436,-57.0,-242.0,603.0,254070.0
2021-01-20,13571,523553,-11971,2461,24930,83681,29899198,-26.0,-256.0,524.0,279762.0
2021-01-21,14078,516568,-6985,2418,24463,84202,30166765,-43.0,-467.0,521.0,267567.0
2021-01-22,13633,502053,-14515,2390,24081,84674,30431493,-28.0,-382.0,472.0,264728.0
2021-01-23,13331,498834,-3219,2386,23789,85162,30717824,-4.0,-292.0,488.0,286331.0
2021-01-24,11629,499278,444,2400,23709,85461,30934035,14.0,-80.0,299.0,216211.0
2021-01-25,8562,491630,-7648,2421,23845,85881,31060966,21.0,136.0,420.0,126931.0
2021-01-26,10593,482417,-9213,2372,23727,86422,31317253,-49.0,-118.0,541.0,256287.0
2021-01-27,15204,477969,-4448,2352,23513,86889,31611023,-20.0,-214.0,467.0,293770.0
2021-01-28,14372,474617,-3352,2288,23066,87381,31886602,-64.0,-447.0,492.0,275579.0
2021-01-29,13574,467824,-6793,2270,22667,87858,32155352,-18.0,-399.0,477.0,268750.0
2021-01-30,12715,463352,-4472,2218,22316,88279,32453362,-52.0,-351.0,421.0,298010.0
2021-01-31,11252,453968,-9384,2215,22311,88516,32666726,-3.0,-5.0,237.0,213364.0
2021-02-01,7925,447589,-6379,2252,22512,88845,32809145,37.0,201.0,329.0,142419.0
2021-02-02,9660,437765,-9824,2214,22531,89343,33053574,-38.0,19.0,498.0,244429.0
2021-02-03,13189,434722,-3043,2145,22216,89819,33332881,-69.0,-315.0,476.0,279307.0
2021-02-04,13659,430277,-4445,2151,21894,90241,33603023,6.0,-322.0,422.0,270142.0
2021-02-05,14218,429118,-1159,2142,21717,90618,33873530,-9.0,-177.0,377.0,270507.0
2021-02-06,13442,427034,-2084,2110,21518,91003,34155937,-32.0,-199.0,385.0,282407.0
2021-02-07,11641,427024,-10,2107,21373,91273,34362726,-3.0,-145.0,270.0,206789.0
2021-02-08,7970,419604,-7420,2143,21670,91580,34506996,36.0,297.0,307.0,144270.0
2021-02-09,10630,413967,-5637,2143,21655,92002,34781259,0.0,-15.0,422.0,274263.0
2021-02-10,12956,410111,-3856,2128,21408,92338,35092253,-15.0,-247.0,336.0,310994.0
2021-02-11,15146,405019,-5092,2126,21068,92729,35384786,-2.0,-340.0,391.0,292533.0
2021-02-12,13908,402174,-2845,2095,20831,93045,35672405,-31.0,-237.0,316.0,287619.0
2021-02-13,13532,401413,-761,2062,20562,93356,35962939,-33.0,-269.0,311.0,290534.0
2021-02-14,11068,402783,1370,2085,20534,93577,36168581,23.0,-28.0,221.0,205642.0
2021-02-15,7351,398098,-4685,2089,20604,93835,36347859,4.0,70.0,258.0,179278.0
2021-02-16,10386,393686,-4412,2074,20537,94171,36621878,-15.0,-67.0,336.0,274019.0
2021-02-17,12074,388864,-4822,2043,20317,94540,36916289,-31.0,-220.0,369.0,294411.0
2021-02-18,13762,384501,-4363,2045,20008,94882,37204747,2.0,-309.0,342.0,288458.0
2021-02-19,15479,382448,-2053,2059,19890,95235,37501875,14.0,-118.0,353.0,297128.0
2021-02-20,14931,384623,2175,2063,19788,95486,37807953,4.0,-102.0,251.0,306078.0
2021-02-21,13452,388895,4272,2094,19898,95718,38058939,31.0,110.0,232.0,250986.0
2021-02-22,9630,387903,-992,2118,20273,95992,38229611,24.0,375.0,274.0,170672.0
2021-02-23,13314,387948,45,2146,20441,96348,38533461,28.0,168.0,356.0,303850.0
2021-02-24,16424,389433,1485,2157,20374,96666,38873708,11.0,-67.0,318.0,340247.0
2021-02-25,19886,396143,6710,2168,20425,96974,39227412,11.0,51.0,308.0,353704.0
2021-02-26,20499,404664,8521,2194,20486,97227,39552816,26.0,61.0,253.0,325404.0
2021-02-27,18916,411966,7302,2216,20588,97507,39875863,22.0,102.0,280.0,323047.0
2021-02-28,17455,422367,10401,2231,20869,97699,40132887,15.0,281.0,192.0,257024.0
2021-03-01,13114,424333,1966,2289,21401,97945,40303520,58.0,532.0,246.0,170633.0
2021-03-02,17083,430996,6663,2327,21897,98288,40639503,38.0,496.0,343.0,335983.0
2021-03-03,20884,437421,6425,2411,22174,98635,40998387,84.0,277.0,347.0,358884.0
2021-03-04,22865,446439,9018,2475,22632,98974,41338022,64.0,458.0,339.0,339635.0
2021-03-05,24036,456470,10031,2525,22899,99271,41716485,50.0,267.0,297.0,378463.0
2021-03-06,23641,465812,9342,2571,23272,99578,42071509,46.0,373.0,307.0,355024.0
2021-03-07,20765,472862,7050,2605,23749,99785,42342845,34.0,477.0,207.0,271336.0
2021-03-08,13902,472533,-329,2700,24531,100103,42527529,95.0,782.0,318.0,184684.0
2021-03-09,19749,478883,6350,2756,25149,100479,42873501,56.0,618.0,376.0,345972.0
2021-03-10,22409,487074,8191,2827,25709,100811,43234541,71.0,560.0,332.0,361040.0
2021-03-11,25673,497350,10276,2859,26106,101184,43606758,32.0,397.0,373.0,372217.0
2021-03-12,26824,509317,11967,2914,26570,101564,43976394,55.0,464.0,380.0,369636.0
2021-03-13,26062,520061,10744,2982,27135,101881,44349338,68.0,565.0,317.0,372944.0
2021-03-14,21315,531266,11205,3082,27600,102145,44623304,100.0,465.0,264.0,273966.0
2021-03-15,15267,530357,-909,3157,28495,102499,44802319,75.0,895.0,354.0,179015.0
2021-03-16,20396,536115,5758,3256,29354,103001,45171694,99.0,859.0,502.0,369375.0
2021-03-17,23059,539008,2893,3317,29834,103432,45540778,61.0,480.0,431.0,369084.0
2021-03-18,24935,547510,8502,3333,30027,103855,45894515,16.0,193.0,423.0,353737.0
2021-03-19,25735,556539,9029,3364,30222,104241,46259337,31.0,195.0,386.0,364822.0
2021-03-20,23832,565453,8914,3387,30448,104642,46613817,23.0,226.0,401.0,354480.0
2021-03-21,20159,571672,6219,3448,30932,104942,46890903,61.0,484.0,300.0,277086.0
2021-03-22,13846,563067,-8605,3510,31559,105328,47060099,62.0,627.0,386.0,169196.0
2021-03-23,18765,560654,-2413,3546,31974,105879,47395288,36.0,415.0,551.0,335189.0
2021-03-24,21267,561308,654,3588,32026,106339,47759055,42.0,52.0,460.0,363767.0
2021-03-25,23798,562958,1650,3620,32044,106799,48108527,32.0,18.0,460.0,349472.0
2021-03-26,23987,566711,3753,3628,32100,107256,48463509,8.0,56.0,457.0,354982.0
2021-03-27,23776,571815,5104,3635,32256,107636,48820585,7.0,156.0,380.0,357076.0
2021-03-28,19611,573172,1357,3679,32380,107933,49093288,44.0,124.0,297.0,272703.0
2021-03-29,12916,565930,-7242,3721,32884,108350,49249985,42.0,504.0,417.0,156697.0
2021-03-30,16013,562765,-3165,3716,32947,108879,49551432,-5.0,63.0,529.0,301447.0
2021-03-31,22516,561053,-1712,3710,32890,109346,49902497,-6.0,-57.0,467.0,351065.0
2021-04-01,23649,563479,2426,3681,32630,109847,50258742,-29.0,-260.0,501.0,356245.0
2021-04-02,21932,565295,1816,3704,32408,110328,50589896,23.0,-222.0,481.0,331154.0
2021-04-03,21261,564855,-440,3714,32203,110704,50949110,10.0,-205.0,376.0,359214.0
2021-04-04,18025,569035,4180,3703,32135,111030,51200043,-11.0,-68.0,326.0,250933.0
2021-04-05,10680,570096,1061,3737,32522,111326,51302838,34.0,387.0,296.0,102795.0
2021-04-06,7767,555705,-14391,3743,33080,111747,51415800,6.0,558.0,421.0,112962.0
2021-04-07,13708,547837,-7868,3683,32999,112374,51755739,-60.0,-81.0,627.0,339939.0
2021-04-08,17221,544330,-3507,3663,32514,112861,52117901,-20.0,-485.0,487.0,362162.0
2021-04-09,18938,536361,-7969,3603,31749,113579,52466904,-60.0,-765.0,718.0,349003.0
2021-04-10,17567,533085,-3276,3588,31242,113923,52801766,-15.0,-507.0,344.0,334862.0
2021-04-11,15746,533005,-80,3585,30836,114254,53054866,-3.0,-406.0,331.0,253100.0
2021-04-12,9789,524417,-8588,3593,30922,114612,53245501,8.0,86.0,358.0,190635.0
2021-04-13,13447,519220,-5197,3526,30478,115088,53550491,-67.0,-444.0,476.0,304990.0
2021-04-14,16168,514660,-4560,3490,29859,115557,53885257,-36.0,-619.0,469.0,334766.0
2021-04-15,16974,510023,-4637,3417,29004,115937,54204890,-73.0,-855.0,380.0,319633.0
2021-04-16,15943,506738,-3285,3366,28109,116366,54532594,-51.0,-895.0,429.0,327704.0
2021-04-17,15370,505308,-1430,3340,27440,116676,54864328,-26.0,-669.0,310.0,331734.0
2021-04-18,12694,504611,-697,3311,26959,116927,55094444,-29.0,-481.0,251.0,230116.0
2021-04-19,8864,493489,-11122,3244,26986,117243,55241172,-67.0,27.0,316.0,146728.0
2021-04-20,12074,482715,-10774,3151,26406,117633,55535217,-93.0,-580.0,390.0,294045.0
2021-04-21,13844,475635,-7080,3076,25860,117997,55885251,-75.0,-546.0,364.0,350034.0
2021-04-22,16050,472196,-3439,3021,25115,118357,56250055,-55.0,-745.0,360.0,364804.0
2021-04-23,14761,465543,-6653,2979,24419,118699,56565755,-42.0,-696.0,342.0,315700.0
2021-04-24,13817,461448,-4095,2894,23865,119021,56886535,-85.0,-554.0,322.0,320780.0
2021-04-25,13158,461212,-236,2862,23524,119238,57126017,-32.0,-341.0,217.0,239482.0
2021-04-26,8444,452812,-8400,2849,23484,119539,57271836,-13.0,-40.0,301.0,145819.0
2021-04-27,10404,448149,-4663,2748,23060,119912,57574570,-101.0,-424.0,373.0,302734.0
2021-04-28,13385,442771,-5378,2711,22571,120256,57910906,-37.0,-489.0,344.0,336336.0
2021-04-29,14320,438709,-4062,2640,21991,120544,58240981,-71.0,-580.0,288.0,330075.0
2021-04-30,13446,436270,-2439,2583,21523,120807,58579752,-57.0,-468.0,263.0,338771.0
2021-05-01,12965,430542,-5728,2522,20903,121033,58957954,-61.0,-620.0,226.0,378202.0
2021-05-02,9148,430906,364,2524,20869,121177,59114826,2.0,-34.0,144.0,156872.0
2021-05-03,5948,423558,-7348,2490,20885,121433,59236655,-34.0,16.0,256.0,121829.0
2021-05-04,9116,413889,-9669,2423,20599,121738,59552161,-67.0,-286.0,305.0,315506.0
2021-05-05,10585,407129,-6760,2368,19888,122005,59879330,-55.0,-711.0,267.0,327169.0
2021-05-06,11807,402802,-4327,2308,19175,122263,60203970,-60.0,-713.0,258.0,324640.0
2021-05-07,10554,397564,-5238,2253,18584,122470,60532582,-55.0,-591.0,207.0,328612.0
2021-05-08,10176,390120,-7444,2211,18010,122694,60871018,-42.0,-574.0,224.0,338436.0
2021-05-09,8292,383854,-6266,2192,17612,122833,61097024,-19.0,-398.0,139.0,226006.0
2021-05-10,5080,373670,-10184,2158,17585,123031,61227024,-34.0,-27.0,198.0,130000.0
2021-05-11,6946,363859,-9811,2056,16993,123282,61513452,-102.0,-592.0,251.0,286428.0
2021-05-12,7852,352422,-11437,1992,16272,123544,61820196,-64.0,-721.0,262.0,306744.0
2021-05-13,8085,346008,-6414,1893,15501,123745,62107222,-99.0,-771.0,201.0,287026.0
2021-05-14,7567,339606,-6402,1860,14910,123927,62405408,-33.0,-591.0,182.0,298186.0
2021-05-15,6659,332830,-6776,1805,14298,124063,62700094,-55.0,-612.0,136.0,294686.0
2021-05-16,5753,328882,-3948,1779,13913,124156,62902667,-26.0,-385.0,93.0,202573.0
2021-05-17,3455,322891,-5991,1754,13778,124296,63021591,-25.0,-135.0,140.0,118924.0
2021-05-18,4452,315308,-7583,1689,13228,124497,63284455,-65.0,-550.0,201.0,262864.0
2021-05-19,5506,306730,-8578,1643,12661,124646,63571711,-46.0,-567.0,149.0,287256.0
2021-05-20,5741,299486,-7244,1544,11927,124810,63822748,-99.0,-734.0,164.0,251037.0
2021-05-21,5218,291788,-7698,1469,11394,125028,64092492,-75.0,-533.0,218.0,269744.0
2021-05-22,4717,283744,-8044,1430,10918,125153,64379095,-39.0,-476.0,125.0,286603.0
2021-05-23,3995,281092,-2652,1410,10571,125225,64558486,-20.0,-347.0,72.0,179391.0
2021-05-24,2490,276439,-4653,1382,10332,125335,64665967,-28.0,-239.0,110.0,107481.0
2021-05-25,3224,268145,-8294,1323,9880,125501,64918613,-59.0,-452.0,166.0,252646.0
